<project name="garage" default="xhtml">
  <!--This message is echoed to the screen at the beginning of the build process -->
  <!---->
  <!--To process using a different map, you need to change the following statement -->
  <!---->
  <echo />
  <echo>Building map...</echo>
  <echo />
  <!--Allow the build process access to environment variables -->
  <property environment="env" />
  <!--Set toolkit directory from environment variable -->
  <property name="toolkit_dir" value="${env.DITA_DIR}" />
  <!--Note: basedir may be set in a higher-level script that invokes this one.
		Some plug-ins depend on its pointing to the Toolkit directory.  
		In particular, the Idiom plug-in, which is required for PDF2 processing, requires it. -->
  <property name="basedir" value="${env.DITA_DIR}" />
  <!--Define the location of the project (source file) directory.
		In this case, the project directory is up two directory levels from the location of this file. -->
  <property name="projdir" value="${env.PROJ_DIR}" />
  <!--Define the location of the output directory.
		In this case, it is a directory directly above the project (source file) directory. -->
  <property name="outdir" value="${env.OUTPUT_DIR}" />
  <property name="PHPexe" value="C:\Program Files\php\php.exe" />
  <property name="args.logdir" value="/log" />
  <!--Set the name of the (master) ditamap -->
  <property name="MAP_name" value="${env.PROJ_NAME_ONLY}" />
  <!--Set the name and extention of the (master) ditamap -->
  <property name="MAP_file" value="${env.PROJ_NAME}" />
  <!--Set the extension string for the dita files (files can also be .xml) -->
  <property name="EXTNAME" value=".dita" />
  <!--Define the path to the Java code -->
  <path id="dost.class.path">
    <pathelement location="${toolkit_dir}${file.separator}lib${file.separator}dost.jar" />
  </path>
  <!--Define the Ant targets and initialize the DITA processing environment -->
  <taskdef name="integrate" classname="org.dita.dost.platform.IntegratorTask">
    <classpath refid="dost.class.path" />
  </taskdef>
  <!--Create the default XHTML output and debug cross-reference -->
  <target name="xhtml" depends="integrate, dita2xhtml" />
  <target name="integrate">
    <integrate ditadir="${toolkit_dir}" />
  </target>
  <!---->
  <!--BEGIN INSTANCE PROCESSING SECTION -->
  <!---->
  <!--Names of the output types this script is capable of producing -->
  <!--The target names are somewhat arbitrary. The following are traditional,
  		and they allude to the source and target (for example, dita2xhtml). -->
  <!--JavaHelp and PDF (using FOP) are not included in this list, because they don't work in Toolkit 1.3.1! -->
  <target name="alltargets" depends="integrate, dita2xhtml, dita2htmlhelp" />
  <!--Handy abbreviation (all) for alltargets -->
  <target name="all" depends="alltargets" />
  <!--Create all reports -->
  <target name="allreports" depends="ditadebug, ditalinks, ditaauthors, ditaids, ditakeys" />
  <!--Create the ditamap debug cross-reference -->
  <target name="ditadebug">
    <echo>Building debugging cross-reference file ditadebug.txt</echo>
    <mkdir dir="${outdir}/debug_files" />
    <exec executable="${PHPexe}" dir="${projdir}" output="${outdir}/debug_files/ditadebug.txt">
      <arg value="${projdir}/project/tools/ditadebug.php" />
      <arg value="${MAP_file}" />
    </exec>
  </target>
  <!--Create plausible preview -->
  <target name="preview">
    <echo>Building XHTML plausible preview</echo>
    <mkdir dir="${outdir}/debug_files" />
    <exec executable="${PHPexe}" dir="${projdir}" output="${outdir}/debug_files/ditapreview.txt">
      <arg value="${toolkit_dir}/ditapreview.php" />
      <arg value="${MAP_file}" />
      <arg value="L" />
    </exec>
  </target>
  <!--Create the ditamap URL check -->
  <target name="ditalinks">
    <echo>Building URL check file ditalinks.txt</echo>
    <mkdir dir="${outdir}/debug_files" />
    <exec executable="${PHPexe}" dir="${projdir}" output="${outdir}/debug_files/ditalinks.txt">
      <arg value="${projdir}/project/tools/ditalinks.php" />
      <arg value="${MAP_file}" />
    </exec>
  </target>
  <!--Create the ditamap author and copyright statistics -->
  <target name="ditaauthors">
    <echo>Building author/copyright file ditaauth.txt</echo>
    <mkdir dir="${outdir}/debug_files" />
    <exec executable="${PHPexe}" dir="${projdir}" output="${outdir}/debug_files/ditaauthors.txt">
      <arg value="${projdir}/project/tools/ditaauthors.php" />
      <arg value="${MAP_file}" />
    </exec>
  </target>
  <!--Create the ditamap ID listing  -->
  <target name="ditaids">
    <echo>Building ID list file ditaids.txt</echo>
    <mkdir dir="${outdir}/debug_files" />
    <exec executable="${PHPexe}" dir="${projdir}" output="${outdir}/debug_files/ditaids.txt">
      <arg value="${projdir}/project/tools/ditaids.php" />
      <arg value="${MAP_file}" />
    </exec>
  </target>
  <!--Create the ditamap keyword metadata statistics -->
  <target name="ditakeys">
    <echo>Building keyword metadata file ditakeys.txt</echo>
    <mkdir dir="${outdir}/debug_files" />
    <exec executable="${PHPexe}" dir="${projdir}" output="${outdir}/debug_files/ditakeys.txt">
      <arg value="${projdir}/project/tools/ditakeys.php" />
      <arg value="${MAP_file}" />
    </exec>
  </target>
  <!--Create xhtml output (unfiltered) -->
  <target name="dita2webhelp">
    <ant antfile="${toolkit_dir}${file.separator}build.xml" target="init">
      <property name="ditatoo.target.name" value="HTML5" />
      <property name="ditatoo.target.ext" value=".html" />
      <property name="outer.control" value="quiet" />
      <property name="args.input" value="${projdir}/${MAP_file}" />
      <property name="output.dir" value="${outdir}" />
      <property name="dita.temp.dir" value="${outdir}/temp" />
      <property name="clean.temp" value="no" />
      <property name="webhelp.responsive.variant.name" value="tiles" />
      <property name="webhelp.responsive.skin.name" value="orange" />
      <property name="transtype" value="webhelp-responsive" />
      <property name="args.xhtml.toc" value="${MAP_name}" />
      <property name="args.draft" value="yes" />
      <property name="args.indexshow" value="yes" />
      <property name="dita.extname" value="${EXTNAME}" />
    </ant>
  </target>
  <!--Create xhtml output (unfiltered) -->
  <target name="dita2xhtml">
    <ant antfile="${toolkit_dir}${file.separator}build.xml" target="init">
      <property name="ditatoo.target.name" value="HTML" />
      <property name="ditatoo.target.ext" value=".html" />
      <property name="ditatoo.target.name" value="HTML" />
      <property name="ditatoo.target.ext" value=".html" />
      <property name="outer.control" value="quiet" />
      <property name="args.input" value="${projdir}/${MAP_file}" />
      <property name="output.dir" value="${outdir}" />
      <property name="dita.temp.dir" value="${outdir}/temp" />
      <property name="transtype" value="xhtml" />
      <property name="args.xhtml.toc" value="${MAP_name}" />
      <property name="args.draft" value="yes" />
      <property name="args.indexshow" value="yes" />
      <property name="dita.extname" value="${EXTNAME}" />
    </ant>
    <!--<copy todir="${outdir}">
			<fileset dir="${projdir}/index4html"/>
		</copy> -->
  </target>
  <!--Create htmlhelp output -->
  <target name="dita2htmlhelp">
    <ant antfile="${toolkit_dir}${file.separator}build.xml" target="init">
      <property name="ditatoo.target.name" value="CHM" />
      <property name="ditatoo.target.ext" value=".chm" />
      <property name="outer.control" value="quiet" />
      <property name="args.input" value="${projdir}/${MAP_file}" />
      <property name="output.dir" value="${outdir}" />
      <property name="dita.temp.dir" value="${outdir}/temp" />
      <property name="transtype" value="htmlhelp" />
      <property name="args.html.toc" value="${MAP_name}" />
      <property name="args.draft" value="yes" />
      <property name="args.indexshow" value="yes" />
      <property name="dita.extname" value="${EXTNAME}" />
    </ant>
  </target>
  <!--Create idiom fo pdf2 output -->
  <target name="dita2pdf2">
    <ant antfile="${toolkit_dir}${file.separator}build.xml" target="init">
      <property name="ditatoo.target.name" value="LenovoUGPDF" />
      <property name="ditatoo.target.ext" value=".pdf" />
      <property name="outer.control" value="quiet" />
      <property name="args.input" value="${projdir}/${MAP_file}" />
      <property name="output.dir" value="${outdir}" />
      <property name="dita.temp.dir" value="${outdir}/temp" />
      <property name="transtype" value="pdf2" />
      <property name="pdf.formatter" value="ah" />
      <property name="args.draft" value="yes" />
      <property name="args.indexshow" value="yes" />
      <property name="dita.extname" value="${EXTNAME}" />
      <property name="clean.temp" value="no" />
    </ant>
  </target>
  <target name="dita2pdf2_new">
    <ant antfile="${toolkit_dir}${file.separator}build.xml" target="init">
      <property name="ditatoo.target.name" value="EDAUGPDF" />
      <property name="ditatoo.target.ext" value=".pdf" />
      <property name="outer.control" value="quiet" />
      <property name="args.input" value="${projdir}/${MAP_file}" />
      <property name="output.dir" value="${outdir}" />
      <property name="dita.temp.dir" value="${outdir}/temp" />
      <property name="pdf.formatter" value="ah" />
      <property name="args.draft" value="yes" />
      <property name="args.indexshow" value="yes" />
      <property name="dita.extname" value="${EXTNAME}" />
      <property name="clean.temp" value="no" />
      <property name="transtype" value="pdf5.ml" />
      <property name="ahf.dir" value="C:\AH" />
      <property name="ahf.opt" value="C:\AH\ahf_setting.xml" />
    </ant>
  </target>
  <!--Create wordrtf output -->
  <target name="dita2docx">
    <ant antfile="${toolkit_dir}${file.separator}build.xml" target="init">
      <property name="ditatoo.target.name" value="docx" />
      <property name="ditatoo.target.ext" value=".docx" />
      <property name="outer.control" value="quiet" />
      <property name="args.input" value="${projdir}/${MAP_file}" />
      <property name="output.dir" value="${outdir}" />
      <property name="dita.temp.dir" value="${outdir}/temp" />
      <property name="transtype" value="docx" />
      <property name="args.draft" value="yes" />
      <property name="args.indexshow" value="yes" />
      <property name="dita.extname" value="${EXTNAME}" />
    </ant>
  </target>
  <!--Create wordrtf output -->
  <!--Create eclipsehelp output -->
  <!--Create idiom fo pdf2 output -->
  <target name="dita2qa">
    <ant antfile="${toolkit_dir}${file.separator}build.xml" target="init">
      <property name="ditatoo.target.name" value="QA报告" />
      <property name="ditatoo.target.ext" value=".html" />
      <property name="outer.control" value="quiet" />
      <property name="args.input" value="${projdir}/${MAP_file}" />
      <property name="output.dir" value="${outdir}" />
      <property name="dita.temp.dir" value="${outdir}/temp" />
      <property name="clean.temp" value="no" />
      <property name="transtype" value="qa" />
      <property name="pdf.formatter" value="ah" />
      <property name="args.draft" value="yes" />
      <property name="args.indexshow" value="yes" />
      <property name="dita.extname" value="${EXTNAME}" />
    </ant>
  </target>
  <!--Create TROFF output -->
</project>