<?xml version="1.0" encoding="UTF-8"?><plugins><plugin id="com.oxygenxml.common" version="23.1" xml:base="../plugins/com.oxygenxml.common/plugin.xml">  
  <feature extension="package.support.name" value="Oxygen XML Editor Support"/>
  <feature extension="package.support.email" value="support@oxygenxml.com"/>
  <feature extension="package.version" value="23.1"/>
    
  
  <feature extension="dita.conductor.lib.import" file="lib/jakarta.xml.bind-api-2.3.3.jar" xml:base="."/>
  <feature extension="dita.conductor.lib.import" file="lib/jaxb-impl-2.3.3.jar" xml:base="."/>
  <feature extension="dita.conductor.lib.import" file="lib/jakarta.activation-1.2.2.jar" xml:base="."/>
  <feature extension="dita.conductor.lib.import" file="lib/ant-contrib-1.0b3.jar" xml:base="."/>
  
  <feature extension="dita.conductor.lib.import" file="lib/oxygen-dita-publishing-ant-extensions.jar" xml:base="."/>
  <feature extension="dita.conductor.lib.import" file="lib/oxygen-dita-publishing-xslt-extensions.jar" xml:base="."/>
</plugin><plugin id="org.oasis-open.dita.techcomm.v2_0" version="0.0.0" xml:base="../plugins/org.oasis-open.dita.techcomm.v2_0/plugin.xml">
  <feature extension="dita.specialization.catalog.relative" file="catalog.xml"/>
</plugin><plugin id="org.dita.htmlhelp" version="3.6.1" xml:base="../plugins/org.dita.htmlhelp/plugin.xml">
  <!-- extension points -->
  <extension-point id="dita.xsl.htmlhelp.map2hhp" name="HTML Help project XSLT import"/>
  <extension-point id="dita.xsl.htmlhelp.map2hhc" name="HTML Help content XSLT import"/>
  <!-- extensions -->
  <transtype desc="Microsoft Compiled HTML Help" extends="base-html" name="htmlhelp">
    <param desc="Specifies the name of a file that you want included in the HTML Help." name="args.htmlhelp.includefile" type="file"/>
  </transtype>
  <require plugin="org.dita.xhtml"/>
  <feature extension="ant.import" file="build_dita2htmlhelp.xml"/>
  <feature extension="dita.conductor.lib.import" file="lib/htmlhelp.jar"/>
  <feature extension="dita.xsl.messages" file="resource/messages.xml"/>
  <template file="xsl/map2hhc_template.xsl"/>
  <template file="xsl/map2hhp_template.xsl"/>
  <template file="build_dita2htmlhelp_template.xml"/>
</plugin><plugin id="org.dita.pdf2.fop" version="3.6.1" xml:base="../plugins/org.dita.pdf2.fop/plugin.xml">
  <require plugin="org.dita.pdf2"/>
  <!-- extensions -->
  <feature extension="depend.org.dita.pdf2.init.pre" value="transform.fo2pdf.fop.init"/>
  <feature extension="depend.org.dita.pdf2.format" value="transform.fo2pdf.fop"/>
  <feature extension="dita.conductor.lib.import" file="lib/batik-all-1.13.jar"/>
<!--  <feature extension="dita.conductor.lib.import" file="lib/commons-logging-1.2.jar"/>-->
  <feature extension="dita.conductor.lib.import" file="lib/fontbox-2.0.21.jar"/>
  <feature extension="dita.conductor.lib.import" file="lib/fop-2.5.jar"/>
  <feature extension="dita.conductor.lib.import" file="lib/fop-pdf-images-2.5.jar"/>
  <feature extension="dita.conductor.lib.import" file="lib/jcl-over-slf4j-1.7.30.jar"/>
  <feature extension="dita.conductor.lib.import" file="lib/xml-apis-ext-1.3.04.jar"/>
  <feature extension="dita.conductor.lib.import" file="lib/pdfbox-2.0.21.jar"/>
  <feature extension="dita.conductor.lib.import" file="lib/slf4j-api-1.7.30.jar"/>
  <feature extension="dita.conductor.lib.import" file="lib/xmlgraphics-commons-2.4.jar"/>
  <transtype desc="PDF" name="pdf">
    <param desc="Specifies the XSL processor." name="pdf.formatter" type="enum">
      <val default="true" desc="Apache FOP">fop</val>
    </param>
    <param desc="Specifies the user configuration file for FOP." name="args.fo.userconfig" type="file"/>
  </transtype>
  <feature extension="dita.conductor.pdf2.formatter.check" value="fop"/>
  <feature extension="ant.import" file="build_fop.xml"/>
  <template file="xsl/fo/topic2fo_shell_fop_template.xsl"/>
</plugin><plugin id="org.dita.xhtml" version="3.6.1" xml:base="../plugins/org.dita.xhtml/plugin.xml">
  <!-- extension points -->
  <extension-point id="dita.xsl.xhtml" name="HTML/XHTML XSLT import"/>
  <extension-point id="dita.conductor.html.param" name="HTML XSLT parameters"/>
  <extension-point id="dita.conductor.xhtml.param" name="XHTML XSLT parameters"/>
  <extension-point id="dita.conductor.xhtml.toc.param" name="HTML/XSLT XSLT parameter"/>
  <extension-point id="dita.xsl.htmltoc" name="HTML/XHTML TOC XSLT import"/>
  <extension-point id="dita.xsl.html.cover" name="HTML/XHTML Cover XSLT import"/>
  <!-- extensions -->
  <transtype abstract="true" desc="HTML-based output" name="base-html">
    <param desc="Specifies whether to generate a label for each image; the label will contain the image file name." name="args.artlbl" type="enum">
      <val>yes</val>
      <val default="true">no</val>
    </param>
    <param desc="Specifies whether to copy the custom .css file to the output directory." name="args.copycss" type="enum">
      <val>yes</val>
      <val default="true">no</val>
    </param>
    <param desc="Specifies the name of a custom .css file." name="args.css" type="string"/>
    <param desc="Specifies the location of a copied .css file relative to the output directory." name="args.csspath" type="string"/>
    <param desc="Specifies the directory that contains the custom .css file." name="args.cssroot" type="string"/>
    <param desc="Specifies the language locale file to use for sorting index entries." name="args.dita.locale" type="string"/>
    <param desc="Specifies an XML file that contains content for a running footer." name="args.ftr" type="file"/>
    <param desc="Generate metadata for parental control scanners, meta elements with name=&#34;security&#34; and name=&#34;Robots&#34;." name="args.gen.default.meta" type="enum">
      <val>yes</val>
      <val default="true">no</val>
    </param>
    <param desc="Specifies an XML file that contains content to be placed in the document head." name="args.hdf" type="file"/>
    <param desc="Specifies an XML file that contains content for a running header." name="args.hdr" type="file"/>
    <param desc="Specifies whether to hide links to parent topics in the HTML or XHTML output." name="args.hide.parent.link" type="enum">
      <val>yes</val>
      <val default="true">no</val>
    </param>
    <param desc="Specifies whether the content of &lt;indexterm&gt; elements are rendered in the output." name="args.indexshow" type="enum">
      <val>yes</val>
      <val default="true">no</val>
    </param>
    <param desc="Specifies the file extension for HTML or XHTML output." name="args.outext" type="string">
      <val default="true">html</val>
    </param>
    <param desc="Specifies whether to include the DITA class ancestry inside the XHTML elements." name="args.xhtml.classattr" type="enum">
      <val default="true">yes</val>
      <val>no</val>
    </param>
    <param desc="Specifies a custom XSL file to be used instead of the default XSL transformation." name="args.xsl" type="file"/>
  </transtype>
  <transtype desc="XHTML" extends="base-html" name="xhtml">
    <param desc="Specifies the value of the @target attribute on the &lt;base&gt; element in the TOC file." name="args.xhtml.contenttarget" type="string">
      <val default="true">contentwin</val>
    </param>
    <param desc="Specifies the base name of the TOC file." name="args.xhtml.toc" type="string">
      <val default="true">index</val>
    </param>
    <param desc="Specifies the value of the @class attribute on the &lt;body&gt; element in the TOC file." name="args.xhtml.toc.class" type="string"/>
    <param desc="Specifies a custom XSL file to be used for TOC generation." name="args.xhtml.toc.xsl" type="file"/>
  </transtype>
  <feature extension="ant.import" file="build_general.xml"/>
  <feature extension="ant.import" file="build_dita2xhtml.xml"/>
  <feature extension="dita.xsl.messages" file="resource/messages.xml"/>
  <template file="build_general_template.xml"/>
  <template file="build_dita2xhtml_template.xml"/>
  <template file="xsl/dita2html-base_template.xsl"/>
  <template file="xsl/map2htmltoc_template.xsl"/>
  <template file="xsl/map2html-coverImpl_template.xsl"/>
</plugin><plugin id="com.oxygenxml.pdf.css" version="21.0" xml:base="../plugins/com.oxygenxml.pdf.css/plugin.xml">

  <require plugin="org.dita.pdf2"/>
  <feature extension="package.version" value="21.0"/>
  <feature extension="dita.conductor.transtype.check" type="text" value="pdf-css"/>
  <feature extension="dita.conductor.transtype.check" type="text" value="pdf-css-html5"/>
  <feature extension="dita.transtype.print" value="pdf-css"/>
  <feature extension="dita.transtype.print" value="pdf-css-html5"/>
  <feature extension="dita.conductor.target.relative" type="file" value="integrator.xml"/>

  <extension-point id="com.oxygenxml.pdf.css.xsl.merged2html5.parameters" name="Extension point to pass parameters to the XSLT transformation that creates the HTML from the merged map"/>
  <extension-point id="com.oxygenxml.pdf.css.xsl.merged2html5" name="XSLT extension point for the post-processed merged DITA map to HTML5 transformation"/>

  <extension-point id="com.oxygenxml.pdf.css.xsl.merged2merged.parameters" name="Extension point to pass parameters for the XSLT post-processing of the merged DITA map before other stages."/>
  <extension-point id="com.oxygenxml.pdf.css.xsl.merged2merged" name="XSLT extension point for post-processing the merged DITA map before other stages."/>
  <feature extension="dita.conductor.lib.import" file="lib/oxygen-dita-publishing-xslt-extensions.jar" xml:base="."/>
 
  <template file="xsl/merged2html5/html5_template.xsl"/>
  <template file="xsl/merged2merged/merged_template.xsl"/>
  
  <template file="build-merged2html5_template.xml"/>
  <template file="build-merged2merged_template.xml"/>
  
  <!-- The set of common parameters. -->
  <transtype abstract="true" desc="PDF (CSS Formatter)" extends="base" name="pdf-css-base">

	<param desc="Controls the placement of the figure title relative to the image." name="figure.title.placement" type="enum">
	  <val default="true">top</val>
      <val>bottom</val>
	</param>
	
    <param desc="Path to the Prince executable file (eg: &#34;C:\path\to\prince.exe&#34; on Windows) which should be run to generate the PDF." name="css.processor.path.prince" type="file"/>
    <param desc="Path to the Antenna House executable file (eg: &#34;C:\path\to\AHFCmd.exe&#34; on Windows) which should be run to generate the PDF." name="css.processor.path.antenna-house" type="file"/>
    <param desc="Path to the oXygen PDF Chemistry executable file (eg: &#34;C:\path\to\chemistry.bat&#34; on Windows) which should be run to generate the PDF.            If this parameter is not set, the plugin will use the system's PATH environment variable to find and start oXygen PDF Chemistry." name="css.processor.path.chemistry" type="file"/>
    <param desc="Choose the formatting processor." name="css.processor.type" type="enum">
      <val default="true">chemistry</val>
      <val>prince</val>
      <val>antenna-house</val>
    </param>
    <param desc="When set on 'yes', the user comments, colored highlights and trackchanges are shown in the output." name="show.changes.and.comments" type="enum">
      <val default="true">no</val>
      <val>yes</val>
    </param>
  </transtype>

  <!-- The old transtype, used by the WYSIWYG transformation scenario. --> 
  <transtype desc="PDF (CSS Formatter - Deprecated)" extends="pdf-css-base" name="pdf-css">
    <param desc="You can use this to specify a list of CSS URLs to be used by the PDF processor. The files must have URL syntax and be separated using semicolons. If the value is empty, then the DITA topics/maps CSS files (currently selected from the oXygen [Styles] dropdown) are used." name="dita.css.list" type="file"/>
    <param desc="You can use this to specify a list of CSS URLs to be used in addition to the dita.css.list parameter. The files must have URL syntax and be separated using semicolons." name="args.css" type="file"/>
  </transtype>

  <!-- The recommended transtype, based on HTML5 intermediate format. --> 
  <transtype desc="PDF (CSS Formatter - HTML5)" extends="pdf-css-base" name="pdf-css-html5">
    <param desc="Specifies the path to the folder containing the custom PDF template." name="pdf.publishing.template" type="file"/>
    <param desc="Specifies the name of the descriptor to be loaded from the PDF template package.          If it is not specified, the first encountered descriptor will be automatically loaded." name="pdf.publishing.template.descriptor" type="string"/>
    <param desc="You can use this to specify a list of CSS URLs to be used in addition to the default CSS list from the publishing template. The files must have URL syntax and be separated using semicolons." name="args.css" type="file"/>
  </transtype>
</plugin><plugin id="org.dita.specialization.dita11" version="1.1" xml:base="../plugins/org.dita.specialization.dita11/plugin.xml">
        <feature extension="dita.specialization.catalog.relative" file="catalog.xml"/>
    </plugin><plugin id="com.oxygenxml.highlight" version="23.1" xml:base="../plugins/com.oxygenxml.highlight/plugin.xml">
  <feature extension="package.support.name" value="Oxygen XML Editor Support"/>
  <feature extension="package.support.email" value="support@oxygenxml.com"/>
  <feature extension="package.version" value="23.1"/>
  <!-- TODO: HTML5 change -->
  <feature extension="dita.xsl.xhtml" type="file" value="xhtmlHighlight.xsl"/>
  <feature extension="dita.xsl.html5" type="file" value="xhtmlHighlight.xsl"/>
  
  <feature extension="dita.xsl.xslfo" type="file" value="pdfHighlight.xsl"/>
  <feature extension="dita.conductor.lib.import" file="lib/xslthl-2.1.1.jar"/>
  <feature extension="dita.conductor.lib.import" file="lib/xslthl-saxonhe-extension-function.jar"/>
</plugin><plugin id="com.oxygenxml.webhelp.responsive" version="23.1" xml:base="../plugins/com.oxygenxml.webhelp.responsive/plugin.xml">
  <require plugin="org.dita.html5"/>
  <feature extension="package.support.name" value="Oxygen XML Editor Support" xml:base="."/>
<feature extension="package.support.email" value="support@oxygenxml.com" xml:base="."/>
<feature extension="package.version" value="23.1" xml:base="."/>

<feature extension="dita.conductor.transtype.check" type="txt" value="webhelp-responsive" xml:base="."/>
<feature extension="dita.conductor.transtype.check" type="txt" value="webhelp-responsive-preprocess2" xml:base="."/>

<feature extension="dita.conductor.target.relative" type="file" value="integrator.xml" xml:base="."/>

<feature extension="dita.xsl.strings" file="oxygen-webhelp/resources/localization/strings.xml" xml:base="."/>  
  
  <feature extension="com.oxygenxml.responsive.internal.target.dependencies.html5.init" type="text" value="html5.init, html5.image-metadata"/>
  
  <feature extension="com.oxygenxml.responsive.internal.target.dependencies.topics.html" type="text" value="dita.topics.html.common"/>
  
  <feature extension="com.oxygenxml.responsive.internal.target.dependencies.preprocess" type="text" value="preprocess"/>
  
  <feature extension="com.oxygenxml.responsive.internal.target.dependencies.preprocess2" type="text" value="preprocess2, whr-after.preprocess"/>
  
  
<extension-point id="com.oxygenxml.responsive.internal.target.dependencies.html5.init" name="Internal extension point to inject some Ant targets from plugin.xml file." xml:base="."/>
<extension-point id="com.oxygenxml.responsive.internal.target.dependencies.topics.html" name="Internal extension point to inject some Ant targets from plugin.xml file." xml:base="."/>
<extension-point id="com.oxygenxml.responsive.internal.target.dependencies.outer.topics" name="Internal extension point to inject some Ant targets from plugin.xml file." xml:base="."/>
<extension-point id="com.oxygenxml.responsive.internal.target.dependencies.preprocess" name="Internal extension point to inject some Ant targets from plugin.xml file." xml:base="."/>
<extension-point id="com.oxygenxml.responsive.internal.target.dependencies.preprocess2" name="Internal extension point to inject some Ant targets from plugin.xml file." xml:base="."/>
<!--
    XSLT extension point for the stylesheet that creates an HTML page for each topic when using 
    the Webhelp transformation.    
  -->
<extension-point id="com.oxygenxml.webhelp.xsl.dita2webhelp" name="XSLT extension point for the stylesheet that creates an HTML page for each topic" xml:base="."/>

<!-- 
    Extension point to pass parameters to the XSLT transformation that creates an HTML page for each topic
-->
<extension-point id="com.oxygenxml.webhelp.xsl.dita2webhelp.param" name="Extension point to pass parameters to the XSLT transformation that creates an HTML page for each topic" xml:base="."/>

<!--
    XSLT extension point for the stylesheet that creates the main HTML page for (index.html) 
    the Webhelp Responsive transformation.
  -->
<extension-point id="com.oxygenxml.webhelp.xsl.createMainPage" name="XSLT extension point for the stylesheet that creates the main HTML page" xml:base="."/>
<!-- 
    Extension point to pass parameters to the XSLT transformation that creates the main HTML page
-->
<extension-point id="com.oxygenxml.webhelp.xsl.createMainPage.param" name="Extension point to pass parameters to the XSLT transformation that creates the main HTML page" xml:base="."/>

<!--
    XSLT extension point for the stylesheet that creates the search HTML page(search.html) for 
    the Webhelp Responsive transformation.
  -->
<extension-point id="com.oxygenxml.webhelp.xsl.createSearchPage" name="XSLT extension point for the stylesheet that creates the main HTML page" xml:base="."/>

<!-- 
     Extension point to pass parameters to the XSLT transformation that creates the search HTML page.
-->
<extension-point id="com.oxygenxml.webhelp.xsl.createSearchPage.param" name="Extension point to pass parameters to the XSLT transformation that creates the search HTML page" xml:base="."/>

<!--
    XSLT extension point for the stylesheet that creates the index terms HTML page(indexTerms.html) for 
    the Webhelp Responsive transformation.
  -->
<extension-point id="com.oxygenxml.webhelp.xsl.createIndexTermsPage" name="XSLT extension point for the stylesheet that creates the main HTML page" xml:base="."/>

<!-- 
     Extension point to pass parameters to the XSLT transformation that creates the indexterms HTML page.
-->
<extension-point id="com.oxygenxml.webhelp.xsl.createIndexTermsPage.param" name="Extension point to pass parameters to the XSLT transformation that creates the search HTML page" xml:base="."/>

<!--
    XSLT extension point for the stylesheet that creates the toc.xml file.
  -->
<extension-point id="com.oxygenxml.webhelp.xsl.createTocXML" name="XSLT extension point for the stylesheet that creates the toc.xml file." xml:base="."/>

<!-- 
    Extension point to pass parameters to the XSLT transformation that creates the toc.xml file.
-->
<extension-point id="com.oxygenxml.webhelp.xsl.createTocXML.param" name="Extension point to pass parameters to the XSLT transformation that creates the 'toc.xml' file." xml:base="."/>

<!--
    XSLT extension point for the stylesheet that creates the navigation links files..
  -->
<extension-point id="com.oxygenxml.webhelp.xsl.createNavLinks" name="XSLT extension point for the stylesheet that creates the navigation links files." xml:base="."/>

<!-- 
    Extension point to pass parameters to the XSLT transformation that creates the navigation links files.
-->
<extension-point id="com.oxygenxml.webhelp.xsl.createNavLinks.param" name="Extension point to pass parameters to the XSLT transformation that creates the navigation links files." xml:base="."/>

  <transtype desc="WebHelp Responsive using preprocess2 DITA-OT step" extends="webhelp-responsive-common" name="webhelp-responsive-preprocess2"/>
  <transtype desc="WebHelp Responsive" extends="webhelp-responsive-common" name="webhelp-responsive" xml:base="."/>
<transtype abstract="true" extends="webhelpCommons" name="webhelp-responsive-common" xml:base=".">

    <param desc="Set the inital state of collapsible elements." name="webhelp.topic.collapsible.elements.initial.state" type="enum">
        <val default="true">expanded</val>
        <val>collapsed</val>
    </param>
    <param desc="The URL of a remote file or the file path of a local file that contains the logo image that will be added in the header area." name="webhelp.logo.image" type="file"/>
    <param desc="The URL of the link that will be opened when the user clicks the logo image." name="webhelp.logo.image.target.url" type="string"/>
    <param desc="Alternative text for the logo image." name="webhelp.logo.image.alt" type="string"/>
    <param desc="If this parameter is set to false, then the 5-star rating mechanism is no longer included in the search results that are displayed on the Search tab (default setting is true)." name="webhelp.search.ranking" type="enum">
        <val default="true">true</val>
        <val>false</val>
    </param>
    <param desc="Specifies either an XHTML fragment or the path to an XHTML file. It displays the given XHTML content as welcome message in the main page of the generated output." name="webhelp.fragment.welcome" type="file">
    </param>    
    <param desc="Specifies the maximum depth of the topics top menu." name="webhelp.top.menu.depth" type="string">
        <val desc="The menu has unlimited depth.">0</val>
        <val default="true">3</val>
    </param>
    <param desc="Specifies if topic tiles will be presented in the main page." name="webhelp.show.main.page.tiles" type="enum">
        <val default="true">no</val>
        <val>yes</val>
    </param>    
    <param desc="Specifies if Table of Contents (TOC) will be presented in the main page in a tree like (accordion) fashion." name="webhelp.show.main.page.toc" type="enum">
        <val default="true">yes</val>
        <val>no</val>
    </param>
    <param desc="Specifies if the breadcrumb component will be presented in the Webhelp Responsive output." name="webhelp.show.breadcrumb" type="enum">
        <val default="true">yes</val>
        <val>no</val>
    </param>
    <param desc="Specifies if the navigation links component will be presented in the Webhelp Responsive output." name="webhelp.show.navigation.links" type="enum">
        <val default="true">yes</val>
        <val>no</val>
    </param>
    <param desc="Specifies if the print link component will be presented in the Webhelp Responsive output." name="webhelp.show.print.link" type="enum">
        <val default="true">yes</val>
        <val>no</val>
    </param>
    <param desc="Specifies if the Expand/Collapse Sections button will be presented in the Webhelp Responsive output." name="webhelp.show.expand.collapse.sections" type="enum">
        <val default="true">yes</val>
        <val>no</val>
    </param>
    <param desc="Specifies if the link to the index terms will be presented in the Webhelp Responsive output." name="webhelp.show.indexterms.link" type="enum">
        <val default="true">yes</val>
        <val>no</val>
    </param>
    <param desc="Specifies if the topic page TOC component will be presented in the Webhelp Responsive output." name="webhelp.show.topic.toc" type="enum">
        <val default="true">yes</val>
        <val>no</val>
    </param>
    <param desc="Specifies if the Publication TOC component will contain links for the chunked topics." name="webhelp.publication.toc.hide.chunked.topics" type="enum">
        <val default="true">yes</val>
        <val>no</val>
    </param>
    <param desc="Specifies if the Publication TOC component will be presented in the Webhelp Responsive output for 'topic' files." name="webhelp.show.publication.toc" type="enum">
        <val default="true">yes</val>
        <val>no</val>
    </param>
    <param desc="Specifies which links will be included in the Publication TOC of each topic." name="webhelp.publication.toc.links" type="enum">
        <val desc="The Publication TOC will include only the links to the current topic and its children.">topic</val>
        <val default="true" desc="The Publication TOC will include the links to the current topic, its children, and its ancestors.">chapter</val>
        <val desc="The Publication TOC will include all links.">all</val>
    </param>
    
    <param desc="Specifies if the top menu component will be presented in the Webhelp Responsive output." name="webhelp.show.top.menu" type="enum">
        <val default="true">yes</val>
        <val>no</val>
    </param>
    <param desc="Specifies if the related links component will be presented in the Webhelp Responsive output." name="webhelp.show.related.links" type="enum">
        <val default="true">yes</val>
        <val>no</val>
    </param>
    <param desc="Specifies if the related links from the nested topics of will be merged with the links in the parent topic.         Thus the links will be moved from the topic content to the related links component." name="webhelp.merge.nested.topics.related.links" type="enum">
        <val default="true">yes</val>
        <val>no</val>
    </param>
    <param desc="Specifies if the child links component will be presented in the Webhelp Responsive output." name="webhelp.show.child.links" type="enum">
        <val default="true">no</val>
        <val>yes</val>
    </param>
    <param desc="Specifies if the toggle highlights component will be presented in the Webhelp Responsive output." name="webhelp.show.toggle.highlights" type="enum">
        <val default="true">yes</val>
        <val>no</val>
    </param>
    <param desc="Specifies either an XHTML fragment or the path to an XHTML file. It displays the given XHTML content as footer in all generated WebHelp pages." name="webhelp.fragment.footer" type="file">
        <val default="true">
            Generated by &lt;a class="oxyFooter" href="http://www.oxygenxml.com/xml_webhelp.html" target="_blank"&gt;
            &amp;lt;oXygen/&amp;gt; XML WebHelp
            &lt;/a&gt;
        </val>            
    </param>
    
    <!-- Before & after logo and title -->
    <param desc="Specifies either an XHTML fragment or the path to an XHTML file. It displays the given XHTML content before the logo and title in all generated WebHelp pages." name="webhelp.fragment.before.logo_and_title" type="file">
        <val default="true"/>            
    </param>
    <param desc="Specifies either an XHTML fragment or the path to an XHTML file. It displays the given XHTML content after the logo and title in all generated WebHelp pages." name="webhelp.fragment.after.logo_and_title" type="file">
        <val default="true"/>            
    </param>
    
    <!-- Before & after top menu -->
    <param desc="Specifies either an XHTML fragment or the path to an XHTML file. It displays the given XHTML content before the top menu in all generated WebHelp pages." name="webhelp.fragment.before.top_menu" type="file">
        <val default="true"/>            
    </param>
    <param desc="Specifies either an XHTML fragment or the path to an XHTML file. It displays the given XHTML content after the top menu in all generated WebHelp pages." name="webhelp.fragment.after.top_menu" type="file">
        <val default="true"/>            
    </param>
    
    <!-- html head -->
    <param desc="Specifies either an XHTML fragment or the path to an XHTML file. It inserts the given XHTML content in the 'head' element of all generated WebHelp pages." name="webhelp.fragment.head" type="file">
        <val default="true"/>            
    </param>
    <param desc="Specifies either an XHTML fragment or the path to an XHTML file. It inserts the given XHTML content in the 'head' element of the Main page." name="webhelp.fragment.head.main.page" type="file">
        <val default="true"/>            
    </param>
    <param desc="Specifies either an XHTML fragment or the path to an XHTML file. It inserts the given XHTML content in the 'head' element of each Topic page." name="webhelp.fragment.head.topic.page" type="file">
        <val default="true"/>            
    </param>
    <param desc="Specifies either an XHTML fragment or the path to an XHTML file. It inserts the given XHTML content in the 'head' element of the Search Results page." name="webhelp.fragment.head.search.page" type="file">
        <val default="true"/>            
    </param>
    <param desc="Specifies either an XHTML fragment or the path to an XHTML file. It inserts the given XHTML content in the 'head' element of the Index Terms page." name="webhelp.fragment.head.terms.page" type="file">
        <val default="true"/>            
    </param>
    
    <param desc="Specifies either an XHTML fragment or the path to an XHTML file. It displays the given XHTML content as header in all generated WebHelp pages." name="webhelp.fragment.header" type="file">
        <val default="true">header.xml</val>            
    </param>        
    
    <param desc="Specifies either an XHTML fragment or the path to an XHTML file. It displays the given XHTML content after the header section in all generated WebHelp pages." name="webhelp.fragment.after.header" type="file">
        <val default="true"/>            
    </param> 
    <param desc="Specifies either an XHTML fragment or the path to an XHTML file. It displays the given XHTML content after the header section in the Main page." name="webhelp.fragment.after.header.main.page" type="file">
        <val default="true"/>            
    </param> 
    <param desc="Specifies either an XHTML fragment or the path to an XHTML file. It displays the given XHTML content after the header section in each Topic page." name="webhelp.fragment.after.header.topic.page" type="file">
        <val default="true"/>            
    </param>
    <param desc="Specifies either an XHTML fragment or the path to an XHTML file. It displays the given XHTML content after the header section in the Search Results page." name="webhelp.fragment.after.header.search.page" type="file">
        <val default="true"/>            
    </param>
    <param desc="Specifies either an XHTML fragment or the path to an XHTML file. It displays the given XHTML content after the header section in the Index Terms page." name="webhelp.fragment.after.header.terms.page" type="file">
        <val default="true"/>            
    </param>
    
    
    
    <!-- Before & after html -->
    <param desc="Specifies either an XHTML fragment or the path to an XHTML file. The XHTML content will be included at the beginning of the html 'body' element in all generated WebHelp pages." name="webhelp.fragment.before.body" type="file">
        <val default="true"/>            
    </param>
    <param desc="Specifies either an XHTML fragment or the path to an XHTML file. The XHTML content will be included at the beginning of the html 'body' element in the Main page." name="webhelp.fragment.before.body.main.page" type="file">
        <val default="true"/>            
    </param>
    <param desc="Specifies either an XHTML fragment or the path to an XHTML file. The XHTML content will be included at the beginning of the html 'body' element in each Topic page." name="webhelp.fragment.before.body.topic.page" type="file">
        <val default="true"/>            
    </param>
    <param desc="Specifies either an XHTML fragment or the path to an XHTML file. The XHTML content will be included at the beginning of the html 'body' element in the Search Results page." name="webhelp.fragment.before.body.search.page" type="file">
        <val default="true"/>            
    </param>
    <param desc="Specifies either an XHTML fragment or the path to an XHTML file. The XHTML content will be included at the beginning of the html 'body' element in the Index Terms page." name="webhelp.fragment.before.body.terms.page" type="file">
        <val default="true"/>            
    </param>
    
    <param desc="Specifies either an XHTML fragment or the path to an XHTML file. The XHTML content will be included at the end of the html 'body' element in all generated WebHelp pages." name="webhelp.fragment.after.body" type="file">
        <val default="true"/>            
    </param>
    <param desc="Specifies either an XHTML fragment or the path to an XHTML file. The XHTML content will be included at the end of the html 'body' element in the Main page." name="webhelp.fragment.after.body.main.page" type="file">
        <val default="true"/>            
    </param>
    <param desc="Specifies either an XHTML fragment or the path to an XHTML file. The XHTML content will be included at the end of the html 'body' element in each Topic page." name="webhelp.fragment.after.body.topic.page" type="file">
        <val default="true"/>            
    </param>
    <param desc="Specifies either an XHTML fragment or the path to an XHTML file. The XHTML content will be included at the end of the html 'body' element in the Search Results page." name="webhelp.fragment.after.body.search.page" type="file">
        <val default="true"/>            
    </param>
    <param desc="Specifies either an XHTML fragment or the path to an XHTML file. The XHTML content will be included at the end of the html 'body' element in the Index Terms page." name="webhelp.fragment.after.body.terms.page" type="file">
        <val default="true"/>            
    </param>
    
    <!-- Before & after the search component  -->
    <param desc="Specifies either an XHTML fragment or the path to an XHTML file. It displays the given XHTML content before the search field in all generated WebHelp pages." name="webhelp.fragment.before.search.input" type="file">
        <val default="true"/>            
    </param>
    <param desc="Specifies either an XHTML fragment or the path to an XHTML file. It displays the given XHTML content before the search field in the Main page." name="webhelp.fragment.before.search.input.main.page" type="file">
        <val default="true"/>            
    </param>
    <param desc="Specifies either an XHTML fragment or the path to an XHTML file. It displays the given XHTML content before the search field in each Topic page." name="webhelp.fragment.before.search.input.topic.page" type="file">
        <val default="true"/>            
    </param>
    <param desc="Specifies either an XHTML fragment or the path to an XHTML file. It displays the given XHTML content before the search field in the Search Results page." name="webhelp.fragment.before.search.input.search.page" type="file">
        <val default="true"/>            
    </param>
    
    <param desc="Specifies either an XHTML fragment or the path to an XHTML file. It displays the given XHTML content after the search field in all generated WebHelp pages." name="webhelp.fragment.after.search.input" type="file">
        <val default="true"/>            
    </param>
    <param desc="Specifies either an XHTML fragment or the path to an XHTML file. It displays the given XHTML content after the search field in the Main page." name="webhelp.fragment.after.search.input.main.page" type="file">
        <val default="true"/>            
    </param>
    <param desc="Specifies either an XHTML fragment or the path to an XHTML file. It displays the given XHTML content after the search field in each Topic page." name="webhelp.fragment.after.search.input.topic.page" type="file">
        <val default="true"/>            
    </param>
    <param desc="Specifies either an XHTML fragment or the path to an XHTML file. It displays the given XHTML content after the search field in the Search Results page." name="webhelp.fragment.after.search.input.search.page" type="file">
        <val default="true"/>            
    </param>
    
    <!-- Before & after the main content section  -->
    <param desc="Specifies either an XHTML fragment or the path to an XHTML file. It displays the given XHTML content before the main content section ('div.wh_content_area') in all generated WebHelp pages." name="webhelp.fragment.before.main.content.area" type="file">
        <val default="true"/>            
    </param>
    <param desc="Specifies either an XHTML fragment or the path to an XHTML file. It displays the given XHTML content before the main content section ('div.wh_content_area') in the Main page." name="webhelp.fragment.before.main.content.area.main.page" type="file">
        <val default="true"/>            
    </param>
    <param desc="Specifies either an XHTML fragment or the path to an XHTML file. It displays the given XHTML content before the main content section ('div.wh_content_area') in each Topic page." name="webhelp.fragment.before.main.content.area.topic.page" type="file">
        <val default="true"/>            
    </param>
    <param desc="Specifies either an XHTML fragment or the path to an XHTML file. It displays the given XHTML content before the main content section ('div.wh_content_area') in the Search Results page." name="webhelp.fragment.before.main.content.area.search.page" type="file">
        <val default="true"/>            
    </param>
    <param desc="Specifies either an XHTML fragment or the path to an XHTML file. It displays the given XHTML content before the main content section ('div.wh_content_area') in the Index Terms page." name="webhelp.fragment.before.main.content.area.terms.page" type="file">
        <val default="true"/>            
    </param>
    
    <param desc="Specifies either an XHTML fragment or the path to an XHTML file. It displays the given XHTML content after the main content section ('div.wh_content_area') in all generated WebHelp pages." name="webhelp.fragment.after.main.content.area" type="file">
        <val default="true"/>            
    </param>
    
    <param desc="Specifies either an XHTML fragment or the path to an XHTML file. It displays the given XHTML content after the main content section ('div.wh_content_area') in the Main page." name="webhelp.fragment.after.main.content.area.main.page" type="file">
        <val default="true"/>            
    </param>
    <param desc="Specifies either an XHTML fragment or the path to an XHTML file. It displays the given XHTML content after the main content section ('div.wh_content_area') in each Topic page." name="webhelp.fragment.after.main.content.area.topic.page" type="file">
        <val default="true"/>            
    </param>
    <param desc="Specifies either an XHTML fragment or the path to an XHTML file. It displays the given XHTML content after the main content section ('div.wh_content_area') in the Search Results page." name="webhelp.fragment.after.main.content.area.search.page" type="file">
        <val default="true"/>            
    </param>
    <param desc="Specifies either an XHTML fragment or the path to an XHTML file. It displays the given XHTML content after the main content section ('div.wh_content_area') in the Index Terms page." name="webhelp.fragment.after.main.content.area.terms.page" type="file">
        <val default="true"/>            
    </param>
    
    <!-- Before & after the toc or tiles component -->
    <param desc="Specifies either an XHTML fragment or the path to an XHTML file. It displays the given XHTML content in the main page of the generated WebHelp output, before the table of contents or tiles component." name="webhelp.fragment.before.toc_or_tiles" type="file">
        <val default="true"/>            
    </param>
    <param desc="Specifies either an XHTML fragment or the path to an XHTML file. It displays the given XHTML content in the main page of the generated WebHelp output, after the table of contents or tiles component." name="webhelp.fragment.after.toc_or_tiles" type="file">
        <val default="true"/>            
    </param>
    
    <!-- Before & after topic components -->
    <param desc="Specifies either an XHTML fragment or the path to an XHTML file. It displays the given XHTML content in the Topic page of the generated WebHelp output, before the toolbar buttons from above the topic content." name="webhelp.fragment.before.topic.toolbar" type="file">
        <val default="true"/>            
    </param>
    <param desc="Specifies either an XHTML fragment or the path to an XHTML file. It displays the given XHTML content in the Topic page of the generated WebHelp output, after the toolbar buttons from above the topic content." name="webhelp.fragment.after.topic.toolbar" type="file">
        <val default="true"/>            
    </param>
    <param desc="Specifies either an XHTML fragment or the path to an XHTML file. It displays the given XHTML content in the Topic page of the generated WebHelp output, before the topic's breadcrumb component." name="webhelp.fragment.before.topic.breadcrumb" type="file">
        <val default="true"/>            
    </param>
    <param desc="Specifies either an XHTML fragment or the path to an XHTML file. It displays the given XHTML content in the Topic page of the generated WebHelp output, after the topic's breadcrumb component." name="webhelp.fragment.after.topic.breadcrumb" type="file">
        <val default="true"/>            
    </param>
    <param desc="Specifies either an XHTML fragment or the path to an XHTML file. It displays the given XHTML content in the Topic page of the generated WebHelp output, before the topic's Publication Table of Contents component." name="webhelp.fragment.before.publication.toc" type="file">
        <val default="true"/>            
    </param>
    <param desc="Specifies either an XHTML fragment or the path to an XHTML file. It displays the given XHTML content in the Topic page of the generated WebHelp output, after the topic's Publication Table of Contents component." name="webhelp.fragment.after.publication.toc" type="file">
        <val default="true"/>            
    </param>
    <param desc="Specifies either an XHTML fragment or the path to an XHTML file. It displays the given XHTML content in the Topic page of the generated WebHelp output, before the topic's content." name="webhelp.fragment.before.topic.content" type="file">
        <val default="true"/>            
    </param>
    <param desc="Specifies either an XHTML fragment or the path to an XHTML file. It displays the given XHTML content in the Topic page of the generated WebHelp output, after the topic's content." name="webhelp.fragment.after.topic.content" type="file">
        <val default="true"/>            
    </param>
    <param desc="Specifies either an XHTML fragment or the path to an XHTML file. It displays the given XHTML content in the Topic page of the generated WebHelp output, before the topic's Feedback component." name="webhelp.fragment.before.feedback" type="file">
        <val default="true"/>            
    </param>
    <param desc="Specifies either an XHTML fragment or the path to an XHTML file. It displays the given XHTML content in the Topic page of the generated WebHelp output, after the topic's Feedback component." name="webhelp.fragment.after.feedback" type="file">
        <val default="true"/>            
    </param>
    <param desc="Specifies either an XHTML fragment or the path to an XHTML file. It displays the given XHTML content in the Topic page of the generated WebHelp output, before the topic's Table of Contents component." name="webhelp.fragment.before.topic.toc" type="file">
        <val default="true"/>            
    </param>
    <param desc="Specifies either an XHTML fragment or the path to an XHTML file. It displays the given XHTML content in the Topic page of the generated WebHelp output, after the topic's Table of Contents component." name="webhelp.fragment.after.topic.toc" type="file">
        <val default="true"/>            
    </param>
    
    
    <param desc="Specifies if autocomplete feature is enabled in the WebHelp search text field." name="webhelp.enable.search.autocomplete" type="enum">
        <val default="true">yes</val>
        <val>no</val>
    </param>
    
    <param desc="Specifies if Kuromoji analyzer is enabled in the WebHelp search." name="webhelp.enable.search.kuromoji.js" type="enum">
        <val default="true">yes</val>
        <val>no</val>
    </param>
    
    <param desc="Specifies the path to the folder containing the custom WebHelp Responsive template." name="webhelp.publishing.template" type="file"/>        
    
    <param desc="Specifies the name of the descriptor to be loaded from the WebHelp Responsive template package.          If it is not specified, the first encountered descriptor will be automatically loaded." name="webhelp.publishing.template.descriptor" type="string"/>
    
    <param desc="Specifies the tooltip position relative to the current topic in the Publication TOC." name="webhelp.publication.toc.tooltip.position" type="enum">
        <val default="true">right</val>
        <val>left</val>
        <val>top</val>
        <val>bottom</val>
        <val>hidden</val>
    </param>
    
    <!-- List of deprecated parameters -->
    <param desc="DEPRECATED: Use webhelp.fragment.head instead." name="args.hdf" type="file"/>
    <param desc="DEPRECATED: Use webhelp.fragment.before.body instead." name="args.hdr" type="file"/>
    
    <param desc="Specifies if search result items will be displayed on multiple pages or not." name="webhelp.search.enable.pagination" type="enum">
        <val default="true">yes</val>
        <val>no</val>
    </param>    
    <param desc="Specifies the number of search results items displayed on each page.          This parameter is used only when the 'webhelp.search.enable.pagination' parameter is enabled." name="webhelp.search.page.numberOfItems" type="string">
        <val>5</val>
        <val default="true">10</val>
        <val>20</val>
    </param>
    <param desc="Specifies a list of words that should be excluded from the default stop words list.         Use comma separator to specify more than one word. Sample: 'if,for'." name="webhelp.search.stop.words.exclude" type="string">        
    </param>
    <param desc="Specifies a list of words that should be included in the default stop words list.         Use comma separator to specify more than one word. Sample: 'if,for'." name="webhelp.search.stop.words.include" type="string">        
    </param>
    
    <param desc="Specifies a list of HTML elements that will not be indexed by the search engine.         The value of the @class attribute can be used to exclude specific HTML elements from indexing.          For example, the 'div.not-indexed' value will not index all &lt;div&gt; elements that have a @class attribute with the value of 'not-indexed'.         Use a comma separator to specify more than one element.         Example: 'table,span.not-indexed,div.not-indexed'." name="webhelp.search.index.elements.to.exclude" type="string">        
    </param>
    
    <param desc="Specifies if the 'sequence' value will be used by default when the collection-type attribute is not specified.         This option is helpful if you want to have 'Next' and 'Previous' navigational buttons generated for all HTML pages." name="webhelp.default.collection.type.sequence" type="enum">
        <val default="true">no</val>
        <val>yes</val>
    </param>
    
    <param desc="Specifies if the custom JavaScript module specified in the Publishing Template should be loaded or not via a 'require()' call using the RequireJS library." name="webhelp.enable.template.js.module.loading" type="enum">
        <val default="true">no</val>
        <val>yes</val>
    </param>
    
    <param desc="Specifies the path to the XHTML file used to initialize the WebHelp Feedback system." name="webhelp.fragment.feedback" type="file">
    </param>
    
    <param desc="Specifies if responsive images that are displayed with a smaller dimension than their original size can be clicked to see an enlarged version of the image." name="webhelp.show.full.size.image" type="enum">
        <val default="true">yes</val>
        <val>no</val>
    </param>
    
    <param desc="Replaces WebHelp's built-in search engine with your own custom search engine. The value of the parameter is the path to an XHTML file that contains the scripts required for your custom search engine to run." name="webhelp.fragment.custom.search.engine.script" type="file">
    </param>
    
    <param desc="Replaces the search results area with a custom XHTML content. The value of the parameter is the path to an XHTML file that contains your custom content." name="webhelp.fragment.custom.search.engine.results" type="file">
    </param>
    
    <param desc="Enables/disables automatically conversion of the values provided as HTML fragments to well-formed XML fragments.&#xA;         If it set to 'true', then the fragments that are not XML well-formed are converted.&#xA;         Otherwise, the transformation will fail if at least one HTML fragment is not well formed." name="webhelp.enable.html.fragments.cleanup" type="enum">
        <val default="true">true</val>
        <val>false</val>
    </param>
    <param desc="Path to the file containing properties for configuring the HTML to Well Formed XML converter.&#xA;         The available properties are described here: http://htmlcleaner.sourceforge.net/parameters.php#params" name="webhelp.html.fragments.converter.properties.file" type="file">
    </param>
    
    
    <param desc="Specifies if the PDF link component will be presented in the Webhelp Responsive output." name="webhelp.show.pdf.link" type="enum">
        <val default="true">yes</val>
        <val>no</val>
    </param>
    
    <param desc="Specifies the target URL for the PDF link." name="webhelp.pdf.link.url" type="string">
    </param>
    
    <param desc="Specifies the text for the PDF link." name="webhelp.pdf.link.text" type="string">
    </param>
    
    <param desc="Specifies the path or the URL of the image icon used for the PDF link." name="webhelp.pdf.link.icon.path" type="string">
    </param>
    
    <param desc="Specifies if the current topic ID should be appended as name destination at the end of the PDF link." name="webhelp.pdf.link.name.destination.enabled" type="enum">
        <val default="true">yes</val>
        <val>no</val>
    </param>
    
    <param desc="Specifies if the data-ofbid attribute should be auto generated for block elements in the Webhelp Responsive output.         If is set to 'yes' and Oxygen Feedback is integrated in the Webhelp Responsive output then you will be able to add and manage          comments contextually at a specific location within the output page where block elements appear (e.g. section, paragraph, list, or table elements)." name="webhelp.enable.block.elements.id.generation" type="enum">
        <val default="true">no</val>
        <val>yes</val>
    </param>
</transtype>
    
  <template file="xsl/dita2webhelp/dita2webhelp_template.xsl" xml:base="."/>
<template file="xsl/navLinks/tocDita_template.xsl" xml:base="."/>
<template file="xsl/navLinks/navLinks_template.xsl" xml:base="."/>

<template file="xsl/mainFiles/createMainPage_template.xsl" xml:base="."/>
<template file="xsl/mainFiles/createSearchPage_template.xsl" xml:base="."/>
<template file="xsl/mainFiles/createIndextermsPage_template.xsl" xml:base="."/>

<template file="build_dita_template.xml" xml:base="."/>
  
</plugin><plugin id="org.oasis-open.dita.v2_0" version="0.0.0" xml:base="../plugins/org.oasis-open.dita.v2_0/plugin.xml">
  <feature extension="dita.specialization.catalog.relative" file="catalog.xml"/>
</plugin><plugin id="org.dita.index" version="1.0.0" xml:base="../plugins/org.dita.index/plugin.xml">
  <feature extension="dita.conductor.lib.import" file="lib/index.jar"/>
  <feature extension="dita.xsl.messages" file="messages.xml"/>
  <feature extension="ant.import" file="build.xml"/>
  <feature extension="depend.org.dita.pdf2.index" value="org.dita.index"/>
  <transtype abstract="true" extends="pdf">
    <param desc="Disable index processing." name="org.dita.index.skip" type="enum">
      <val>yes</val>
      <val default="true">no</val>
    </param>
  </transtype>
</plugin><plugin id="org.dita.pdf2" version="3.6.1" xml:base="../plugins/org.dita.pdf2/plugin.xml">
  <!-- extension points -->
  <extension-point id="dita.xsl.xslfo" name="PDF XSLT import"/>
  <extension-point id="dita.xsl.xslfo.i18n-postprocess" name="PDF I18N postprocess import"/>
  <extension-point id="org.dita.pdf2.xsl.topicmerge" name="PDF2 topic merge XSLT import"/>
  <extension-point id="depend.org.dita.pdf2.init.pre" name="Initialization pre-target"/>
  <extension-point id="depend.org.dita.pdf2.format.pre" name="Formatting pre-target"/>
  <extension-point id="depend.org.dita.pdf2.format" name="Formatting target"/>
  <extension-point id="depend.org.dita.pdf2.format.post" name="Formatting post-target"/>
  <extension-point id="depend.org.dita.pdf2.index" name="Indexing target"/>
  <extension-point id="org.dita.pdf2.catalog.relative" name="Configuration XML catalog"/>
  <extension-point id="dita.conductor.pdf2.param" name="PDF XSLT parameters"/>
  <extension-point id="dita.conductor.pdf2.formatter.check" name="Formatter check"/>
  <!-- extensions -->
  <feature extension="dita.conductor.lib.import" file="lib/fo.jar"/>
  <transtype desc="PDF" name="pdf">
    <param desc="Specifies the base file name of the generated PDF file." name="outputFile.base"/>
    <param desc="Specifies whether to generate a label for each image; the label will contain the image file name." name="args.artlbl" type="enum">
      <val>yes</val>
      <val default="true">no</val>
    </param>
    <param desc="Specifies if the frontmatter and backmatter content order is retained in bookmap." name="args.bookmap-order" type="enum">
      <val>retain</val>
      <val default="true">discard</val>
    </param>
    <param desc="Specifies whether PDF bookmarks are by default expanded or collapsed." name="args.bookmark.style" type="enum">
      <val>EXPANDED</val>
      <val>COLLAPSE</val>
    </param>
    <param desc="Specifies whether chapter level TOCs are generated." name="args.chapter.layout" type="enum">
      <val default="true">MINITOC</val>
      <val>BASIC</val>
    </param>
    <param desc="Specifies an XSL file that is used to override the default XSL transformation." name="args.xsl.pdf" type="file"/>
    <param desc="Specifies the customization directory." name="customization.dir" type="dir"/>
    <param desc="Specifies the XSL processor." name="pdf.formatter" type="enum"/>
    <param desc="Specifies whether draft-comment and required-cleanup elements are included in the output." name="publish.required.cleanup" type="enum">
      <val>yes</val>
      <val>no</val>
    </param>
    <param desc="Enables I18N font processing." name="org.dita.pdf2.i18n.enabled" type="enum">
      <val default="true" desc="Enables I18N processing">true</val>
      <val desc="Disables I18N processing">false</val>
    </param>
    <param desc="Enables chunk attribute processing." name="org.dita.pdf2.chunk.enabled" type="enum">
      <val desc="Enables chunk processing">true</val>
      <val default="true" desc="Disables chunk processing">false</val>
    </param>
    <!-- Deprecated since 3.4 -->
    <!-- Disable deprecated built-in indexing -->
    <!--
    <param name="pdf2.index.skip" desc="Disable built-in index processing." type="enum">
      <val>yes</val>
      <val default="true">no</val>
    </param>
    -->
  </transtype>
  <transtype desc="PDF2" extends="pdf" name="pdf2"/>
  <feature extension="dita.transtype.print" value="pdf"/>
  <feature extension="dita.transtype.print" value="pdf2"/>
  <feature extension="ant.import" file="build.xml"/>
  <feature extension="dita.xsl.messages" file="resource/messages.xml"/>
  <feature extension="dita.conductor.pdf2.formatter.check" value="ah"/>
  <feature extension="dita.xsl.strings" file="cfg/common/vars/strings.xml"/>
  <feature extension="dita.specialization.catalog.relative" file="cfg/catalog.xml"/>
  <!-- Deprecated since 3.4 -->
  <!-- Disable deprecated built-in indexing -->
  <!--<feature extension="depend.org.dita.pdf2.index" value="transform.topic2fo.index"/>-->
  <template file="build_template.xml"/>
  <template file="cfg/catalog_template.xml"/>
  <template file="xsl/fo/i18n-postprocess_template.xsl"/>
  <template file="xsl/fo/topic2fo_shell_template.xsl"/>
  <template file="xsl/common/topicmerge_template.xsl"/>
</plugin><plugin id="org.dita.base" version="3.6.1" xml:base="../plugins/org.dita.base/plugin.xml">
  <!-- base extension points -->
  <extension-point id="package.version" name="Plug-in version"/>
  <extension-point id="package.support.email" name="Plug-in support email"/>
  <extension-point id="package.support.name" name="Plug-in support name"/>
  <extension-point id="dita.conductor.plugin" name="Ant conductor plug-in information"/>
  <extension-point id="dita.catalog.plugin-info" name="Plug-in XML catalog information"/>
  <extension-point id="dita.image.extensions" name="Image file extension"/>
  <extension-point id="dita.html.extensions" name="HTML file extension"/>
  <extension-point id="dita.resource.extensions" name="Resource file extension"/>
  <!-- deprecated -->
  <extension-point id="dita.conductor.transtype.check" name="Transtype check"/>
  <extension-point id="dita.transtype.print" name="Print transtype"/>
  <extension-point id="dita.conductor.target" name="Ant conductor"/>
  <extension-point id="dita.conductor.target.relative" name="Ant conductor"/>
  <extension-point id="ant.import" name="Ant import"/>
  <extension-point id="dita.specialization.catalog" name="XML catalog"/>
  <extension-point id="dita.specialization.catalog.relative" name="XML catalog"/>
  <extension-point id="dita.xsl.strings" name="Generated text"/>
  <extension-point id="dita.conductor.lib.import" name="Java library import"/>
  <extension-point id="dita.xsl.messages" name="Diagnostic messages"/>
  <!-- legacy support -->
  <extension-point id="dita.basedir-resource-directory" name="Flag to use basedir as resource directory"/>
  <!-- preprocessing extension points -->
  <extension-point id="depend.preprocess.pre" name="Preprocessing pre-target"/>
  <extension-point id="depend.preprocess.clean-temp.pre" name="Clean temp pre-target"/>
  <extension-point id="depend.preprocess.gen-list.pre" name="Generate list pre-target"/>
  <extension-point id="depend.preprocess.debug-filter.pre" name="Debug and filter pre-target"/>
  <extension-point id="depend.preprocess.conrefpush.pre" name="Content reference push pre-target"/>
  <extension-point id="depend.preprocess.move-meta-entries.pre" name="Move meta entries pre-target"/>
  <extension-point id="depend.preprocess.conref.pre" name="Content reference pre-target"/>
  <extension-point id="depend.preprocess.coderef.pre" name="Code reference pre-target"/>
  <extension-point id="depend.preprocess.mapref.pre" name="Map reference pre-target"/>
  <extension-point id="depend.preprocess.keyref.pre" name="Key reference pre-target"/>
  <extension-point id="depend.preprocess.mappull.pre" name="Map pull pre-target"/>
  <extension-point id="depend.preprocess.chunk.pre" name="Chunking pre-target"/>
  <extension-point id="depend.preprocess.maplink.pre" name="Map link pre-target"/>
  <extension-point id="depend.preprocess.topicpull.pre" name="Topic pull pre-target"/>
  <extension-point id="depend.preprocess.copy-files.pre" name="Copy files pre-target"/>
  <extension-point id="depend.preprocess.copy-image.pre" name="Copy images pre-target"/>
  <extension-point id="depend.preprocess.copy-html.pre" name="Copy HTML pre-target"/>
  <extension-point id="depend.preprocess.copy-flag.pre" name="Copy flag pre-target"/>
  <!-- Deprecated since 2.1 -->
  <extension-point id="depend.preprocess.copy-subsidiary.pre" name="Copy subsidiary pre-target"/>
  <extension-point id="depend.preprocess.post" name="Preprocessing post-target"/>
  <extension-point id="dita.preprocess.debug-filter.param" name="Debug filter module parameters"/>
  <extension-point id="dita.preprocess.map-reader.param" name="Debug filter module parameters"/>
  <extension-point id="dita.preprocess.topic-reader.param" name="Debug filter module parameters"/>
  <extension-point id="dita.preprocess.conref.param" name="Content reference XSLT parameters"/>
  <extension-point id="dita.preprocess.mapref.param" name="Map reference XSLT parameters"/>
  <extension-point id="dita.preprocess.mappull.param" name="Map pull  XSLT parameters"/>
  <!--extension-point id="dita.preprocess.maplink.param" name="Map link XSLT parameters"/-->
  <extension-point id="dita.preprocess.topicpull.param" name="Topic pull XSLT parameters"/>
  <extension-point id="dita.xsl.conref" name="Content reference XSLT import"/>
  <extension-point id="dita.xsl.topicpull" name="Topic pull XSLT import"/>
  <extension-point id="dita.xsl.mapref" name="Map reference XSLT import"/>
  <extension-point id="dita.xsl.mappull" name="Map pull XSLT import"/>
  <extension-point id="dita.xsl.maplink" name="Map link XSLT import"/>
  <extension-point id="dita.parser" name="Custom DITA parser"/>
  <!-- extensions -->
  <transtype abstract="true" desc="Common" name="base">
    <param desc="Specifies whether to generate headings for sections within task topics." name="args.gen.task.lbl" type="enum">
      <val>YES</val>
      <val>NO</val>
    </param>
    <param desc="Specifies which links to include in the output." name="args.rellinks" type="enum">
      <val desc="No links are included.">none</val>
      <val desc="All links are included.">all</val>
      <val desc="Parent links are not included.">noparent</val>
      <val desc="Parent, child, next, and previous links are not included.">nofamily</val>
    </param>
    <!-- Deprecated since 2.5 -->
    <param deprecated="true" desc="Specifies whether debugging information is included in the log." name="args.debug" type="enum">
      <val>yes</val>
      <val default="true">no</val>
    </param>
    <param desc="Specifies whether the content of &lt;draft-comment&gt; and &lt;required-cleanup&gt; elements is included in the output." name="args.draft" type="enum">
      <val>yes</val>
      <val default="true">no</val>
    </param>
    <param desc="Specifies how cross references to figures are styled in output." name="args.figurelink.style" type="enum">
      <val>NUMBER</val>
      <val>TITLE</val>
      <val>NUMTITLE</val>
    </param>
    <param desc="Specifies a filter file to be used to include, exclude, or flag content." name="args.filter" type="file"/>
    <param desc="Specifies whether the grammar-caching feature of the XML parser is used." name="args.grammar.cache" type="enum">
      <val default="true">yes</val>
      <val>no</val>
    </param>
    <param desc="Specifies the main file for your documentation project." name="args.input" required="true" type="file"/>
    <param desc="Specifies the base directory for your documentation project." name="args.input.dir" type="dir"/>
    <param desc="Specifies resource files." name="args.resources" type="file"/>
    <param desc="Specifies the name of the output file without file extension." name="args.output.base" type="string"/>
    <param desc="Specifies how cross references to tables are styled." name="args.tablelink.style" type="enum">
      <val>NUMBER</val>
      <val>TITLE</val>
      <val>NUMTITLE</val>
    </param>
    <param desc="Specifies whether to crawl only those topic links found in maps, or all discovered topic links." name="link-crawl" type="enum">
      <val>map</val>
      <val default="true">topic</val>
    </param>
    <param desc="Specifies whether DITA-OT deletes the files in the temporary directory after it finishes a build." name="clean.temp" type="enum">
      <val default="true">yes</val>
      <val>no</val>
    </param>
    <param desc="Specifies where DITA-OT is installed." name="dita.dir" type="dir"/>
    <param desc="Specifies the location of the temporary directory." name="dita.temp.dir" type="dir"/>
    <param deprecated="true" desc="Specifies a filter file to be used to include, exclude, or flag content." name="dita.input.valfile" type="file"/>
    <param desc="Specifies whether filtering is done before all other processing, or after key and conref processing." name="filter-stage" type="enum">
      <val default="true">early</val>
      <val>late</val>
    </param>
    <param desc="Generate copy-to attributes to duplicate topicref elements." name="force-unique" type="enum">
      <val>true</val>
      <val default="true">false</val>
    </param>
    <param desc="Adjust how output is generated for content that is located outside the directory containing the DITA map." name="generate.copy.outer" type="enum">
      <val default="true" desc="Do not generate output for content that is located outside the DITA map directory.">1</val>
      <val desc="Shift the output directory so that it contains all output for the publication.">3</val>
    </param>
    <param desc="Specifies whether files that are linked to, or referenced with a @conref attribute, generate output." name="onlytopic.in.map" type="enum">
      <val>true</val>
      <val default="true">false</val>
    </param>
    <param desc="Specifies whether to warn or fail if content is located outside the directory containing the DITA map." name="outer.control" type="enum">
      <val desc="Fail quickly if files are going to be generated or copied outside of the directory.">fail</val>
      <val default="true" desc="Complete the operation if files will be generated or copied outside of the directory, but log a warning.">warn</val>
      <val desc="Quietly finish without generating warnings or errors.">quiet</val>
    </param>
    <param desc="Specifies the name and location of the output directory." name="output.dir" type="dir"/>
    <param desc="Override for map chunk attribute value." name="root-chunk-override" type="string"/>
    <param desc="Specifies the output format (transformation type)." name="transtype" required="true" type="string"/>
    <param desc="Specifies whether DITA-OT validates the content." name="validate" type="enum">
      <val default="true">true</val>
      <val>false</val>
    </param>
    <param desc="Specifies whether the @xtrf and @xtrc debugging attributes are generated in the temporary files." name="generate-debug-attributes" type="enum">
      <val default="true" desc="Enables generation of debugging attributes">true</val>
      <val desc="Disables generation of debugging attributes">false</val>
    </param>
    <param desc="Specifies how DITA-OT handles errors and error recovery." name="processing-mode" type="enum">
      <val desc="When an error is encountered, DITA-OT stops processing">strict</val>
      <val default="true" desc="When an error is encountered, DITA-OT attempts to recover from it">lax</val>
      <val desc="When an error is encountered, DITA-OT continues processing but does not attempt error recovery">skip</val>
    </param>
    <param desc="Conserve memory at the expense of processing speed." name="conserve-memory" type="enum">
      <val>true</val>
      <val default="true">false</val>
    </param>
    <param desc="Specifies the default language for source documents." name="default.language" type="string"/>
    <param desc="Remove broken related links." name="remove-broken-links" type="enum">
      <val>true</val>
      <val default="true">false</val>
    </param>
    <param desc="Specifies the name of the XSLT file used to rewrite filenames." name="result.rewrite-rule.xsl" type="string"/>
    <param desc="Specifies the name of the Java class used to rewrite filenames." name="result.rewrite-rule.class" type="string"/>
    <param desc="Temporary file store type." name="store-type" type="enum">
      <val default="true">file</val>
      <val>memory</val>
    </param>
    <param desc="Run processes in parallel when possible." name="parallel" type="enum">
      <val>true</val>
      <val default="true">false</val>
    </param>
  </transtype>
  <feature extension="dita.image.extensions" value=".gif"/>
  <feature extension="dita.image.extensions" value=".eps"/>
  <feature extension="dita.image.extensions" value=".jpg"/>
  <feature extension="dita.image.extensions" value=".jpeg"/>
  <feature extension="dita.image.extensions" value=".png"/>
  <feature extension="dita.image.extensions" value=".svg"/>
  <feature extension="dita.image.extensions" value=".tif"/>
  <feature extension="dita.image.extensions" value=".tiff"/>
  <feature extension="dita.image.extensions" value=".bmp"/>
  <feature extension="dita.html.extensions" value=".html"/>
  <feature extension="dita.html.extensions" value=".htm"/>
  <feature extension="dita.resource.extensions" value=".pdf"/>
  <feature extension="dita.resource.extensions" value=".swf"/>
  <feature extension="ant.import" file="build_init.xml"/>
  <feature extension="ant.import" file="build_preprocess.xml"/>
  <feature extension="ant.import" file="build_preprocess2.xml"/>
  <feature extension="dita.xsl.strings" file="xsl/common/common-strings.xml"/>
  <template file="catalog-dita_template.xml"/>
  <template file="build_template.xml"/>
  <template file="build_preprocess_template.xml"/>
  <template file="build_preprocess2_template.xml"/>
  <template file="../../config/messages_template.xml"/>
  <template file="xsl/common/allstrings_template.xml"/>
  <template file="xsl/common/strings_template.xml"/>
  <template file="xsl/preprocess/maplink_template.xsl"/>
  <template file="xsl/preprocess/mapref_template.xsl"/>
  <template file="xsl/preprocess/mappull_template.xsl"/>
  <template file="xsl/preprocess/conref_template.xsl"/>
  <template file="xsl/preprocess/map-conref_template.xsl"/>
  <template file="xsl/preprocess/topicpull_template.xsl"/>
</plugin><plugin id="org.dita.pdf2.axf" version="3.6.1" xml:base="../plugins/org.dita.pdf2.axf/plugin.xml">
  <require plugin="org.dita.pdf2"/>
  <!-- extensions -->
  <feature extension="depend.org.dita.pdf2.init.pre" value="transform.fo2pdf.ah.init"/>
  <feature extension="depend.org.dita.pdf2.format" value="transform.fo2pdf.ah"/>
  <feature extension="dita.conductor.lib.import" file="lib/axf.jar"/>
  <transtype desc="PDF" name="pdf">
    <param desc="Specifies the XSL processor." name="pdf.formatter" type="enum">
      <val desc="Antenna House Formatter">ah</val>
    </param>
    <param desc="Specifies whether draft-comment and required-cleanup elements are included in the output." name="publish.required.cleanup" type="enum">
      <val>yes</val>
      <val>no</val>
    </param>
    <param desc="Specifies the user configuration file for Antenna House Formatter." name="axf.opt" type="file"/>
    <param desc="Specifies the path to the Antenna House Formatter executable." name="axf.cmd" type="file"/>
  </transtype>
  <feature extension="ant.import" file="build_axf.xml"/>
  <feature extension="dita.conductor.pdf2.formatter.check" value="ah"/>
  <template file="xsl/fo/topic2fo_shell_axf_template.xsl"/>
</plugin><plugin id="org.oasis-open.dita.v1_3" version="1.3" xml:base="../plugins/org.oasis-open.dita.v1_3/plugin.xml">
  <feature extension="dita.specialization.catalog.relative" file="catalog.xml"/>
</plugin><plugin id="org.lwdita" version="0.0.0" xml:base="../plugins/org.lwdita/plugin.xml">
  <!-- DITA to Markdown -->
  <transtype desc="Markdown" name="markdown"/>
  <transtype desc="GitHub-flavored Markdown" name="markdown_github"/>
  <transtype desc="GitBook" name="markdown_gitbook"/>
  <feature extension="dita.conductor.target.relative" file="conductor.xml"/>
  <!-- common -->
  <feature extension="dita.conductor.lib.import" file="lib/org.lwdita-2.4.0.jar"/>
  <feature extension="dita.conductor.lib.import" file="lib/htmlparser-1.4.jar"/>
  <!-- Markdown to DITA -->
  <template file="build-markdown_template.xml"/>
  <template file="xsl/dita2markdown_template.xsl"/>
  <!--template file="xsl/map2markdown-toc_template.xsl"/-->
  <template file="xsl/map2markdown-cover_template.xsl"/>
  <feature extension="dita.conductor.lib.import" file="lib/flexmark-profile-pegdown-0.50.18.jar"/>
  <feature extension="dita.conductor.lib.import" file="lib/flexmark-ext-abbreviation-0.50.18.jar"/>
  <feature extension="dita.conductor.lib.import" file="lib/flexmark-ext-anchorlink-0.50.18.jar"/>
  <feature extension="dita.conductor.lib.import" file="lib/flexmark-ext-aside-0.50.18.jar"/>
  <feature extension="dita.conductor.lib.import" file="lib/flexmark-ext-autolink-0.50.18.jar"/>
  <feature extension="dita.conductor.lib.import" file="lib/flexmark-ext-definition-0.50.18.jar"/>
  <feature extension="dita.conductor.lib.import" file="lib/flexmark-html-parser-0.50.18.jar"/>
  <feature extension="dita.conductor.lib.import" file="lib/flexmark-ext-escaped-character-0.50.18.jar"/>
  <feature extension="dita.conductor.lib.import" file="lib/flexmark-ext-footnotes-0.50.18.jar"/>
  <feature extension="dita.conductor.lib.import" file="lib/flexmark-jira-converter-0.50.18.jar"/>
  <feature extension="dita.conductor.lib.import" file="lib/flexmark-youtrack-converter-0.50.18.jar"/>
  <feature extension="dita.conductor.lib.import" file="lib/flexmark-ext-gfm-strikethrough-0.50.18.jar"/>
  <feature extension="dita.conductor.lib.import" file="lib/flexmark-ext-gfm-tables-0.50.18.jar"/>
  <feature extension="dita.conductor.lib.import" file="lib/flexmark-ext-gfm-tasklist-0.50.18.jar"/>
  <feature extension="dita.conductor.lib.import" file="lib/flexmark-ext-jekyll-front-matter-0.50.18.jar"/>
  <feature extension="dita.conductor.lib.import" file="lib/flexmark-ext-jekyll-tag-0.50.18.jar"/>
  <feature extension="dita.conductor.lib.import" file="lib/flexmark-ext-ins-0.50.18.jar"/>
  <feature extension="dita.conductor.lib.import" file="lib/flexmark-ext-superscript-0.50.18.jar"/>
  <feature extension="dita.conductor.lib.import" file="lib/flexmark-ext-tables-0.50.18.jar"/>
  <feature extension="dita.conductor.lib.import" file="lib/flexmark-ext-toc-0.50.18.jar"/>
  <feature extension="dita.conductor.lib.import" file="lib/flexmark-ext-typographic-0.50.18.jar"/>
  <feature extension="dita.conductor.lib.import" file="lib/flexmark-ext-wikilink-0.50.18.jar"/>
  <feature extension="dita.conductor.lib.import" file="lib/flexmark-ext-yaml-front-matter-0.50.18.jar"/>
  <feature extension="dita.conductor.lib.import" file="lib/flexmark-formatter-0.50.18.jar"/>
  <feature extension="dita.conductor.lib.import" file="lib/flexmark-0.50.18.jar"/>
  <feature extension="dita.conductor.lib.import" file="lib/flexmark-util-0.50.18.jar"/>
  <feature extension="dita.conductor.lib.import" file="lib/autolink-0.6.0.jar"/>
  <feature extension="dita.parser">
    <parser class="com.elovirta.dita.markdown.MarkdownReader" format="markdown"/>
    <parser class="com.elovirta.dita.markdown.MarkdownReader" format="md"/>
    <parser class="com.elovirta.dita.markdown.MDitaReader" format="mdita"/>
  </feature>
  <!-- HTML to DITA -->
  <template file="build-html_template.xml"/>
  <feature extension="dita.parser">
    <parser class="com.elovirta.dita.html.HDitaReader" format="hdita"/>
  </feature>
</plugin><plugin id="org.dita.eclipsehelp" version="3.4.0" xml:base="../plugins/org.dita.eclipsehelp/plugin.xml">
  <!-- extension points -->
  <extension-point id="dita.xsl.eclipse.plugin" name="Eclipse plugin XSLT import"/>
  <extension-point id="dita.map.eclipse.index.pre" name="Eclipse index extraction pre-target"/>
  <extension-point id="dita.xsl.eclipse.toc" name="Eclipse TOC XSLT import"/>
  <extension-point id="dita.conductor.eclipse.toc.param" name="Eclipse Help TOC XSLT parameter"/>
  <!-- extensions -->
  <transtype desc="Eclipse Help" extends="base-html" name="eclipsehelp">
    <param desc="Specifies that the output should be zipped and returned using this name." name="args.eclipsehelp.jar.name" type="string"/>
    <param desc="Specifies the region for the language that is specified by the args." name="args.eclipsehelp.country" type="string"/> 
    <param desc="Specifies the base language for translated content, such as en for English." name="args.eclipsehelp.language" type="string"/> 
    <param desc="Specifies the name of the person or organization that provides the Eclipse help." name="args.eclipse.provider" type="string">
      <val default="true">DITA</val>
    </param>
    <param desc="Specifies the version number to include in the output." name="args.eclipse.version" type="string">
      <val default="true">0.0.0</val>
    </param>
    <param desc="Specifies the symbolic name (aka plugin ID) in the output for an Eclipse Help project." name="args.eclipse.symbolic.name" type="string">
      <val default="true">org.sample.help.doc</val>
    </param>
  </transtype>
  <require plugin="org.dita.xhtml"/>
  <feature extension="dita.conductor.lib.import" file="lib/eclipsehelp.jar"/>
  <feature extension="ant.import" file="build_dita2eclipsehelp.xml"/>
  <template file="build_dita2eclipsehelp_template.xml"/>
  <template file="xsl/map2eclipse_template.xsl"/>
  <template file="xsl/map2plugin_template.xsl"/>
</plugin><plugin id="org.dita.pdf2.xep" version="3.6.1" xml:base="../plugins/org.dita.pdf2.xep/plugin.xml">
  <require plugin="org.dita.pdf2"/>
  <!-- extensions -->
  <feature extension="depend.org.dita.pdf2.init.pre" value="transform.fo2pdf.xep.init"/>
  <feature extension="depend.org.dita.pdf2.format" value="transform.fo2pdf.xep"/>
  <feature extension="dita.conductor.lib.import" file="lib/xep.jar"/>
  <transtype desc="PDF" name="pdf">
    <param desc="Specifies the XSL processor." name="pdf.formatter" type="enum">
      <val desc="RenderX XEP Engine">xep</val>
    </param>
    <param desc="Specifies the user configuration file for RenderX." name="custom.xep.config" type="file"/>
    <param desc="Specifies the amount of memory allocated to the RenderX process." name="maxJavaMemory"/>
  </transtype>
  <feature extension="ant.import" file="build_xep.xml"/>
  <feature extension="dita.conductor.pdf2.formatter.check" value="xep"/>
  <template file="xsl/fo/topic2fo_shell_xep_template.xsl"/>
</plugin><plugin id="com.oxygenxml.webhelp.common" version="0.0.0" xml:base="../plugins/com.oxygenxml.webhelp.common/plugin.xml">
  <feature extension="dita.conductor.transtype.check" type="txt" value="webhelpCommons" xml:base="."/>

<feature extension="dita.xsl.maplink" type="file" value="xsl/dita/maplinkNextPrevFullIteration.xsl" xml:base="."/>

<transtype abstract="true" extends="base-html" name="webhelpCommons" xml:base=".">    
    <param desc="The file path to  a directory that contains resources files. All files from this directory will be copied to the root of the WebHelp output." name="webhelp.custom.resources" type="dir"/>
    <param desc="The file path of an image used as favicon." name="webhelp.favicon" type="file"/>
    <param desc="Specifies the location of a well-formed XHTML file that contains the Custom Search Engine script from Google.         The value must be a file path." name="webhelp.google.search.script" type="file"/>
    <param desc="Specifies the location of a well-formed XHTML file that contains the Google Custom Search Engine element &#34;gcse:searchresults-only&#34;. The value must be a file path. You can use all supported attributes for this element. It is recommended to set the &#34;linkTarget&#34; attribute value to &#34;frm&#34; for frameless (iframe) versions of WebHelp, or to &#34;contentWin&#34; for frameset versions of WebHelp.         The default value for this attribute is &#34;_blank&#34; and the search results will be loaded in a new window.         If this parameter is not specified, the following code will be used:         &lt;gcse:searchresults-only linkTarget=&#34;frm&#34;&gt;&lt;/gcse:searchresults-only&gt;" name="webhelp.google.search.results" type="file"/>
    <param desc="Enables the display for header links of the following types: Parent Topic,  Next Topic, Previous Topic." name="args.hide.parent.link" type="enum">
        <val default="true">no</val>
        <val>yes</val>
    </param>    
    <param desc="Specifies if stemming is used when searching in WebHelp generated content." name="use.stemming" type="enum">
        <val default="true">false</val>
        <val>true</val>
    </param>
    <param desc="The value of the &#34;priority&#34; element in the generated sitemap.xml file.          Possible value is any fractional number between 0.0 (least important priority) and 1.0 (most important priority). For example: 0.3, 0.5, 0.8, etc.          The &#34;priority&#34; element is optional in the sitemap.xml.          If you leave this parameter set to its default empty value, the priority element is not added in sitemap.xml." name="webhelp.sitemap.priority" type="string"/>
    <param desc="The value of the &#34;changefreq&#34; element in the generated sitemap.xml file.          The &#34;changefreq&#34; element is optional in the sitemap.xml file.          If you leave this parameter set to its default empty value, the changefreq element is not added in sitemap.xml." name="webhelp.sitemap.change.frequency" type="enum">
        <val default="true"/>
        <val>always</val>
        <val>hourly</val>
        <val>daily</val>
        <val>weekly</val>
        <val>monthly</val>
        <val>yearly</val>
        <val>never</val>
    </param>
    <param desc="File path of the user dictionary that will be used by the Kuromoji indexer for indexing         Japanese content in the WebHelp pages." name="webhelp.search.japanese.dictionary" type="string"/>
    <param desc="Base URL for all the &#34;loc&#34; elements in the generated sitemap.xml file.         The value of a &#34;loc&#34; element is composed of the value of the base URL parameter, followed by the value of the href attributes of the topicref elements (a relative file path).           The &#34;loc&#34; element is mandatory in the sitemap.xml file. If you leave this parameter set to its default empty value, the sitemap.xml file is not generated." name="webhelp.sitemap.base.url" type="string"/>
    <param desc="Set this parameter if you have out of memory problems generating WebHelp. It will increase processing time but         decrease the memory footprint." name="webhelp.reload.stylesheet" type="enum">
        <val default="true">false</val>
        <val>true</val>
    </param>
    <param desc="When set on 'yes', the user comments, colored highlights and trackchanges are shown in the output." name="webhelp.show.changes.and.comments" type="enum">
        <val default="true">no</val>
        <val>yes</val>
    </param>
    <param desc="The path of the file that contains name patterns for HTML files that should not be indexed by the WebHelp search engine.         Each line of this file is taken to be an exclude pattern. The patterns are considered relative paths, relative to the output directory.         '*' matches zero or more characters, '?' matches one character.         You can read more about patterns here: https://ant.apache.org/manual/dirtasks.html#patterns" name="webhelp.search.custom.excludes.file" type="file"/>    
</transtype>

  <feature extension="dita.xsl.mappull" file="xsl/dita/mappullAddMetadata2.x.xsl"/>
</plugin><plugin id="com.antennahouse.wml" version="0.0.0" xml:base="../plugins/com.antennahouse.wml/plugin.xml">
	<feature extension="dita.conductor.transtype.check" type="docx" value="ah.wml"/>
	<feature extension="dita.conductor.target.relative" type="file" value="integrator.xml"/>
	<feature extension="dita.transtype.print" value="ah.wml"/>
	<extension-point id="com.antennahouse.wml.param" name="DITA to WML XSLT parameters"/>
	<template file="build_transform_template.xml"/>
</plugin><plugin id="com.oxygenxml.media" version="21.1" xml:base="../plugins/com.oxygenxml.media/plugin.xml">
  <feature extension="package.support.name" value="Oxygen XML Editor Support"/>
  <feature extension="package.support.email" value="support@oxygenxml.com"/>
  <feature extension="package.version" value="21.1"/>
  
  <feature extension="dita.xsl.xhtml" type="file" value="xhtmlMedia.xsl"/>
  <feature extension="dita.conductor.xhtml.param" type="file" value="insertParameters.xml"/>
  
  <feature extension="dita.xsl.html5" type="file" value="xhtmlMedia.xsl"/>
  <feature extension="dita.conductor.html5.param" type="file" value="insertParameters.xml"/>
  
  <feature extension="dita.xsl.xslfo" type="file" value="pdfMedia.xsl"/>
  <feature extension="dita.conductor.pdf2.param" type="file" value="insertParameters.xml"/>
  <feature extension="depend.preprocess.copy-files.pre" type="text" value="copyMediaAudioAndVideo"/>
  <feature extension="dita.conductor.target.relative" file="conductor.xml"/>
  
</plugin><plugin id="org.oasis-open.dita.v1_2" version="1.2" xml:base="../plugins/org.oasis-open.dita.v1_2/plugin.xml">
  <feature extension="dita.specialization.catalog.relative" file="catalog.xml"/>
</plugin><plugin id="org.oasis-open.xdita.v0_2_2" version="0.2.2" xml:base="../plugins/org.oasis-open.xdita.v0_2_2/plugin.xml">
<title>Lightweight DITA</title>

<!-- Include support name and email -->
<feature extension="package.support.name" value="OASIS Lightweight DITA subcommittee"/>
<feature extension="package.support.email" value="dita-lightweight-dita-chair@lists.oasis-open.org"/>

<!-- Provide a version (default is 1.0 if not specified) -->
<feature extension="package.version" value="1.0.4"/>

<!-- This references a catalog using the OASIS catalog format, to define
public IDs and system IDs for any DTD modules included in this plugin. -->
<feature extension="dita.specialization.catalog.relative" type="file" value="catalog-dita.xml"/>

</plugin><plugin id="com.antennahouse.pdf5.ml" version="0.0.0" xml:base="../plugins/com.antennahouse.pdf5.ml/plugin.xml">
  <extension-point id="com.antennahouse.pdf5.ml.param" name="PDF XSLT parameters (JAXP)"/>
  <extension-point id="com.antennahouse.pdf5.ml.saxon.param" name="PDF XSLT parameters (SAXON)"/>
  <extension-point id="com.antennahouse.pdf5.ml.psmi.param" name="PDF XSLT parameters (PSMI)"/>
  <extension-point id="com.antennahouse.pdf5.ml.convmerged.xsl" name="PDF XSLT stylesheet (convert merged middle file) inclusion"/>
  <extension-point id="com.antennahouse.pdf5.ml.xsl" name="PDF XSLT stylesheet inclusion"/>
  <extension-point id="depend.com.antennahouse.pdf5.ml.convmerged.pre" name="Convert merged middle file pre-target"/>
  <extension-point id="depend.com.antennahouse.pdf5.ml.convmerged.post" name="Convert merged middle file post-target"/>
  <extension-point id="depend.com.antennahouse.pdf5.ml.format.pre" name="Formatting pre-target"/>
  <extension-point id="depend.com.antennahouse.pdf5.ml.format.post" name="Formatting post-target"/>
  <extension-point id="build.com.antennahouse.pdf5.ml.format.inclusion" name="Inclusion for build_transoform_template.xml for above 'depends.～' targets."/>
  <extension-point id="build.com.antennahouse.pdf5.ml.ahf.build.inclusion" name="Inclusion for build_ahf_template.xml."/>
  <extension-point id="build.com.antennahouse.pdf5.ml.ahf.run.param.inclusion" name="Inclusion for AF Formatter execution parameter."/>
  <feature extension="dita.conductor.target.relative" type="file" value="integrator.xml"/>
  <transtype desc="PDF" name="pdf5.ml">
    <param desc="Style definition file" name="style.def.file" type="file"/>
    <param desc="Specifies whether to include frontmatter topicref in toc." name="include.frontmatter.to.toc" type="enum">
      <val>yes</val>
      <val default="true">no</val>
    </param>
    <param desc="Specifies whether to add numbering to topic/table/fig." name="add.numbering.title.prefix" type="enum">
      <val default="true">yes</val>
      <val>no</val>
    </param>
    <param desc="Specifies whether to add Part/Chapter literal" name="add.part.to.title" type="enum">
      <val default="true">yes</val>
      <val>no</val>
    </param>
    <param desc="Specifies wheter to add thumbnail index" name="add.thumbnail.index" type="enum">
      <val default="true">yes</val>
      <val>no</val>
    </param>
    <param desc="Specifies whether to treate index-sort-as pinyin readings" name="assume.sortas.pinyin" type="enum">
      <val>yes</val>
      <val default="true">no</val>
    </param>
    <param desc="Specify base xsml:lang" name="xml.lang" type="string"/>
    <param desc="Specifies whether to generate links for index-see" name="make.see.link" type="enum">
      <val default="true">yes</val>
      <val>no</val>
    </param>
    <param desc="Specifies whether to output draft-comment" name="output.draft.comment" type="enum">
      <val>yes</val>
      <val default="true">no</val>
    </param>
    <param desc="Specifies whether to output required-cleanup" name="output.required.cleanup" type="enum">
      <val>yes</val>
      <val default="true">no</val>
    </param>
    <param desc="Specifies whether to adopt @oid as topic/@id" name="use.oid" type="enum">
      <val>yes</val>
      <val default="true">no</val>
    </param>
    <param deprecated="true" desc="Specifies whether to format dl element as block" name="format.dl.as.block" type="enum">
      <val>yes</val>
      <val default="true">no</val>
    </param>
    <param desc="Specifies whether to output style debugging information" name="debug.style" type="enum">
      <val>yes</val>
      <val default="true">no</val>
    </param>
    <param desc="Specifies whether to sort glossentry" name="sort.glossentry" type="enum">
      <val default="true">yes</val>
      <val>no</val>
    </param>
    <param desc="Specifies whether to output start message of plug-in stylesheet" name="output.start.message" type="enum">
      <val default="true">yes</val>
      <val>no</val>
    </param>
    <param desc="Specifies whether to apply auto-scale-down to block image" name="auto.scale.down.to.fit" type="enum">
      <val default="true">yes</val>
      <val>no</val>
    </param>
    <param desc="Specifies whether to generate toc for map" name="make.toc.for.map" type="enum">
      <val default="true">yes</val>
      <val>no</val>
    </param>
    <param desc="Specifies whether to generate index for map" name="make.index.for.map" type="enum">
      <val default="true">yes</val>
      <val>no</val>
    </param>
    <param desc="Specifies whether to generate alt-text for image" name="make.alt.text" type="enum">
      <val>yes</val>
      <val default="true">no</val>
    </param>
    <param desc="Specifies the output paper-size" name="paper.size" type="string"/>
    <param desc="Specifies whether to generate alt-text for image" name="make.alt.text" type="enum">
      <val>yes</val>
      <val default="true">no</val>
    </param>
    <param desc="Specifies whether to copy images into output folder" name="image.in.output.folder" type="enum">
      <val>yes</val>
      <val default="true">no</val>
    </param>
    <param desc="Specifies whether to output crop region" name="output.crop.region" type="enum">
      <val>yes</val>
      <val default="true">no</val>
    </param>
    <param desc="Specifies output type such as 'web','print-color','print-monochrome'" name="output.type" type="string"/>
    <param desc="Specifies document type such as 'UM' (User's manual), 'IM' (Installation manual)" name="doc.type" type="string"/>
    <param desc="Specifies brand type for publication" name="brand.type" type="string"/>
    <param desc="Specifies whether to exclude cover for page count" name="exclude.cover.from.counting.page" type="enum">
      <val default="true">yes</val>
      <val>no</val>
    </param>
    <param desc="Specifies whether to number &lt;equation-block&gt; unconditionally" name="number.equation.block.unconditionally" type="enum">
      <val>yes</val>
      <val default="true">no</val>
    </param>
    <param desc="Specifies wheteher to exclude &lt;equation-block&gt; in &lt;equation-figure&gt; in unconditionally numbering mode" name="exclude.auto.numbering.from.equation.figure" type="enum">
      <val default="true">yes</val>
      <val>no</val>
    </param>
    <param desc="Specifies wheteher to assume all &lt;equation-number&gt; as auto" name="assume.equation.number.as.auto" type="enum">
      <val>yes</val>
      <val default="true">no</val>
    </param>
    <param desc="Specifies wheteher to output footnote at the end of topic" name="display.fn.at.end.of.topic" type="enum">
      <val>yes</val>
      <val default="true">no</val>
    </param>
    <param desc="Specifies wheteher to use I18N Index Library" name="use.i18n.index.lib" type="enum">
      <val>yes</val>
      <val default="true">no</val>
    </param>
    <param desc="Specifies wheteher to output index sorting debug information" name="debug.index" type="enum">
      <val>yes</val>
      <val default="true">no</val>
    </param>
    <param desc="Specifies wheteher to adopt m:math/alttext in text mode processing" name="adopt.mathml.alttext" type="enum">
      <val default="true">yes</val>
      <val>no</val>
    </param>
    <param desc="Enable topic level landscape page layout" name="enable.landscape.page" type="enum">
      <val>yes</val>
      <val default="true">no</val>
    </param>
    <param desc="Output 'Continued' word in table title" name="output.table.title.continued" type="enum">
      <val>yes</val>
      <val default="true">no</val>
    </param>
    <param desc="Output 'Continued' word in table footer" name="output.table.footer.continued" type="enum">
      <val>yes</val>
      <val default="true">no</val>
    </param>
    <param desc="Specifies wheteher to output index" name="output.index" type="enum">
      <val default="true">yes</val>
      <val>no</val>
    </param>
    <param desc="Add map title to top of the bookmark" name="add.map.title.to.bookmark" type="enum">
      <val>yes</val>
      <val default="true">no</val>
    </param>
    <param desc="Specifies AH Formatter directory" name="ahf.dir" type="string"/>
    <param desc="Specifies AH Formatter option setting file" name="ahf.opt" type="file"/>
  </transtype>
  <template file="build_transform_template.xml"/>
  <template file="build_ahf_template.xml"/>
  <template file="xsl/dita2fo_shell_template.xsl"/>
  <template file="xsl/dita2fo_convmerged_shell_template.xsl"/>
</plugin><plugin id="org.dita.html5" version="3.6.1" xml:base="../plugins/org.dita.html5/plugin.xml">
  <!-- extension points -->
  <extension-point id="dita.xsl.html5" name="HTML5 XSLT import"/>
  <extension-point id="dita.conductor.html5.param" name="HTML5 XSLT parameters"/>
  <extension-point id="dita.conductor.html5.toc.param" name="HTML/XSLT XSLT parameter"/>
  <extension-point id="dita.xsl.html5.toc" name="HTML5 TOC XSLT import"/>
  <extension-point id="dita.xsl.html5.cover" name="HTML5 Cover XSLT import"/>
  <!-- extensions -->
  <transtype desc="HTML5" name="html5">
    <param desc="Specifies whether to generate a label for each image; the label will contain the image file name." name="args.artlbl" type="enum">
      <val>yes</val>
      <val default="true">no</val>
    </param>
    <param desc="Specifies whether to copy the custom .css file to the output directory." name="args.copycss" type="enum">
      <val>yes</val>
      <val default="true">no</val>
    </param>
    <param desc="Specifies the name of a custom .css file." name="args.css" type="string"/>
    <param desc="Specifies the location of a copied .css file relative to the output directory." name="args.csspath" type="string"/>
    <param desc="Specifies the directory that contains the custom .css file." name="args.cssroot" type="string"/>
    <param desc="Specifies the language locale file to use for sorting index entries." name="args.dita.locale" type="string"/>
    <param desc="Specifies an XML file that contains content for a running footer." name="args.ftr" type="file"/>
    <param desc="Generate metadata for parental control scanners, meta elements with name=&#34;security&#34; and name=&#34;Robots&#34;." name="args.gen.default.meta" type="enum">
      <val>yes</val>
      <val default="true">no</val>
    </param>
    <param desc="Specifies an XML file that contains content to be placed in the document head." name="args.hdf" type="file"/>
    <param desc="Specifies an XML file that contains content for a running header." name="args.hdr" type="file"/>
    <param desc="Specifies whether to hide links to parent topics in the HTML5 output." name="args.hide.parent.link" type="enum">
      <val>yes</val>
      <val default="true">no</val>
    </param>
    <param desc="Specifies whether to include the DITA class ancestry inside the HTML5 elements." name="args.html5.classattr" type="enum">
      <val default="true">yes</val>
      <val>no</val>
    </param>
    <param desc="Specifies the value of the @target attribute on the &lt;base&gt; element in the TOC file." name="args.html5.contenttarget" type="string">
      <val default="true">contentwin</val>
    </param>
    <param desc="Generate TOC file from the DITA map." name="html5.toc.generate" type="enum">
      <val default="true">yes</val>
      <val>no</val>
    </param>
    <param desc="Specifies the base name of the TOC file." name="args.html5.toc" type="string">
      <val default="true">index</val>
    </param>
    <param desc="Specifies the value of the @class attribute on the &lt;body&gt; element in the TOC file." name="args.html5.toc.class" type="string"/>
    <param desc="Specifies a custom XSL file to be used for TOC generation." name="args.html5.toc.xsl" type="file"/>
    <param desc="Specifies whether the content of &lt;indexterm&gt; elements are rendered in the output." name="args.indexshow" type="enum">
      <val>yes</val>
      <val default="true">no</val>
    </param>
    <param desc="Specifies the file extension for HTML5 output." name="args.outext" type="string">
      <val default="true">html</val>
    </param>
    <param desc="Specifies a custom XSL file to be used instead of the default XSL transformation." name="args.xsl" type="file"/>
    <param desc="Specifies whether to generate a navigation TOC in topic pages." name="nav-toc" type="enum">
      <val default="true" desc="No TOC">none</val>
      <val desc="Partial TOC that shows the current topic">partial</val>
      <val desc="Full TOC">full</val>
    </param>
  </transtype>
  <feature extension="ant.import" file="build_dita2html5.xml"/>
  <feature extension="dita.conductor.html5.param" file="params.xml"/>
  <!--feature extension="dita.xsl.messages" file="resource/messages.xml"/-->
  <template file="build_dita2html5_template.xml"/>
  <template file="xsl/dita2html5Impl_template.xsl"/>
  <template file="xsl/map2html5-coverImpl_template.xsl"/>
</plugin><plugin id="org.dita.normalize" version="0.0.0" xml:base="../plugins/org.dita.normalize/plugin.xml">
  <transtype desc="Normalized DITA" name="dita"/>
  <feature extension="dita.conductor.target.relative" file="conductor.xml"/>
</plugin></plugins>